{
  "duplicate_range_identities": 0,
  "expected_ranges": 60,
  "gpu_activity_tables": [
    "CUPTI_ACTIVITY_KIND_KERNEL"
  ],
  "kind": "step4d_nano_nsys_decomposition",
  "memory_tables": [
    "CUPTI_ACTIVITY_KIND_MEMCPY",
    "CUPTI_ACTIVITY_KIND_MEMSET"
  ],
  "missing_ranges": [],
  "observed_ranges": 60,
  "passed": false,
  "require_cuda_graph": true,
  "rows": [
    {
      "block": 0,
      "call_index": 45,
      "class": "content",
      "closure_error_ms": 0.0,
      "cuda_api_count": 75,
      "cuda_api_ms": 43.301264,
      "current_step": 45,
      "end_ns": 78311856,
      "explicit_kernel_count": 552,
      "explicit_kernel_outside_graph_union_ms": 42.894656,
      "explicit_kernel_sum_ms": 42.92048,
      "explicit_kernel_union_ms": 42.894656,
      "gpu_activity_kind": "cuda_kernel",
      "gpu_busy_fraction": 0.8756859373693453,
      "gpu_busy_residual_fraction": 0.1243140626306547,
      "gpu_busy_residual_ms": 6.089407999999999,
      "gpu_busy_union_ms": 42.894656,
      "gpu_memory_operation_count": 62,
      "gpu_memory_union_ms": 0.104512,
      "graph_envelope_count": 0,
      "graph_envelope_fraction": 0.0,
      "graph_envelope_residual_fraction": 1.0,
      "graph_envelope_residual_ms": 48.984064,
      "graph_envelope_sum_ms": 0.0,
      "graph_envelope_union_ms": 0.0,
      "interface_wall_ms": 48.984064,
      "kernel_count": 552,
      "kernel_fraction": 0.8756859373693453,
      "kernel_sum_ms": 42.92048,
      "kernel_union_ms": 42.894656,
      "launch_api_count": 17,
      "non_kernel_fraction": 0.1243140626306547,
      "non_kernel_residual_ms": 6.089407999999999,
      "nvtx_range": "step4d:block=000;pair=1;class=content;call=45;step=45",
      "pair": 1,
      "start_ns": 29327792
    },
    {
      "block": 0,
      "call_index": 46,
      "class": "pad",
      "closure_error_ms": 0.0,
      "cuda_api_count": 75,
      "cuda_api_ms": 43.356016,
      "current_step": 46,
      "end_ns": 79061904,
      "explicit_kernel_count": 552,
      "explicit_kernel_outside_graph_union_ms": 42.901951,
      "explicit_kernel_sum_ms": 42.930175,
      "explicit_kernel_union_ms": 42.901951,
      "gpu_activity_kind": "cuda_kernel",
      "gpu_busy_fraction": 0.8729265376807139,
      "gpu_busy_residual_fraction": 0.12707346231928607,
      "gpu_busy_residual_ms": 6.245313000000003,
      "gpu_busy_union_ms": 42.901951,
      "gpu_memory_operation_count": 62,
      "gpu_memory_union_ms": 0.076512,
      "graph_envelope_count": 0,
      "graph_envelope_fraction": 0.0,
      "graph_envelope_residual_fraction": 1.0,
      "graph_envelope_residual_ms": 49.147264,
      "graph_envelope_sum_ms": 0.0,
      "graph_envelope_union_ms": 0.0,
      "interface_wall_ms": 49.147264,
      "kernel_count": 552,
      "kernel_fraction": 0.8729265376807139,
      "kernel_sum_ms": 42.930175,
      "kernel_union_ms": 42.901951,
      "launch_api_count": 17,
      "non_kernel_fraction": 0.12707346231928607,
      "non_kernel_residual_ms": 6.245313000000003,
      "nvtx_range": "step4d:block=000;pair=1;class=pad;call=46;step=46",
      "pair": 1,
      "start_ns": 29914640
    },
    {
      "block": 0,
      "call_index": 326,
      "class": "content",
      "closure_error_ms": 0.0,
      "cuda_api_count": 75,
      "cuda_api_ms": 43.356992,
      "current_step": 326,
      "end_ns": 74744400,
      "explicit_kernel_count": 552,
      "explicit_kernel_outside_graph_union_ms": 42.955808,
      "explicit_kernel_sum_ms": 42.980192,
      "explicit_kernel_union_ms": 42.955808,
      "gpu_activity_kind": "cuda_kernel",
      "gpu_busy_fraction": 0.8837299479058658,
      "gpu_busy_residual_fraction": 0.11627005209413421,
      "gpu_busy_residual_ms": 5.651584,
      "gpu_busy_union_ms": 42.955808,
      "gpu_memory_operation_count": 62,
      "gpu_memory_union_ms": 0.083584,
      "graph_envelope_count": 0,
      "graph_envelope_fraction": 0.0,
      "graph_envelope_residual_fraction": 1.0,
      "graph_envelope_residual_ms": 48.607392,
      "graph_envelope_sum_ms": 0.0,
      "graph_envelope_union_ms": 0.0,
      "interface_wall_ms": 48.607392,
      "kernel_count": 552,
      "kernel_fraction": 0.8837299479058658,
      "kernel_sum_ms": 42.980192,
      "kernel_union_ms": 42.955808,
      "launch_api_count": 17,
      "non_kernel_fraction": 0.11627005209413421,
      "non_kernel_residual_ms": 5.651584,
      "nvtx_range": "step4d:block=000;pair=2;class=content;call=326;step=326",
      "pair": 2,
      "start_ns": 26137008
    },
    {
      "block": 0,
      "call_index": 327,
      "class": "pad",
      "closure_error_ms": 0.0,
      "cuda_api_count": 75,
      "cuda_api_ms": 43.060416,
      "current_step": 327,
      "end_ns": 74956224,
      "explicit_kernel_count": 552,
      "explicit_kernel_outside_graph_union_ms": 42.375616,
      "explicit_kernel_sum_ms": 42.39984,
      "explicit_kernel_union_ms": 42.375616,
      "gpu_activity_kind": "cuda_kernel",
      "gpu_busy_fraction": 0.8666652050319068,
      "gpu_busy_residual_fraction": 0.1333347949680932,
      "gpu_busy_residual_ms": 6.5194079999999985,
      "gpu_busy_union_ms": 42.375616,
      "gpu_memory_operation_count": 62,
      "gpu_memory_union_ms": 0.07584,
      "graph_envelope_count": 0,
      "graph_envelope_fraction": 0.0,
      "graph_envelope_residual_fraction": 1.0,
      "graph_envelope_residual_ms": 48.895024,
      "graph_envelope_sum_ms": 0.0,
      "graph_envelope_union_ms": 0.0,
      "interface_wall_ms": 48.895024,
      "kernel_count": 552,
      "kernel_fraction": 0.8666652050319068,
      "kernel_sum_ms": 42.39984,
      "kernel_union_ms": 42.375616,
      "launch_api_count": 17,
      "non_kernel_fraction": 0.1333347949680932,
      "non_kernel_residual_ms": 6.5194079999999985,
      "nvtx_range": "step4d:block=000;pair=2;class=pad;call=327;step=327",
      "pair": 2,
      "start_ns": 26061200
    },
    {
      "block": 0,
      "call_index": 685,
      "class": "content",
      "closure_error_ms": 0.0,
      "cuda_api_count": 75,
      "cuda_api_ms": 43.582368,
      "current_step": 685,
      "end_ns": 75295040,
      "explicit_kernel_count": 552,
      "explicit_kernel_outside_graph_union_ms": 42.977728,
      "explicit_kernel_sum_ms": 43.002048,
      "explicit_kernel_union_ms": 42.977728,
      "gpu_activity_kind": "cuda_kernel",
      "gpu_busy_fraction": 0.8775767571085432,
      "gpu_busy_residual_fraction": 0.12242324289145678,
      "gpu_busy_residual_ms": 5.995456000000004,
      "gpu_busy_union_ms": 42.977728,
      "gpu_memory_operation_count": 62,
      "gpu_memory_union_ms": 0.07744,
      "graph_envelope_count": 0,
      "graph_envelope_fraction": 0.0,
      "graph_envelope_residual_fraction": 1.0,
      "graph_envelope_residual_ms": 48.973184,
      "graph_envelope_sum_ms": 0.0,
      "graph_envelope_union_ms": 0.0,
      "interface_wall_ms": 48.973184,
      "kernel_count": 552,
      "kernel_fraction": 0.8775767571085432,
      "kernel_sum_ms": 43.002048,
      "kernel_union_ms": 42.977728,
      "launch_api_count": 17,
      "non_kernel_fraction": 0.12242324289145678,
      "non_kernel_residual_ms": 5.995456000000004,
      "nvtx_range": "step4d:block=000;pair=3;class=content;call=685;step=685",
      "pair": 3,
      "start_ns": 26321856
    },
    {
      "block": 0,
      "call_index": 686,
      "class": "pad",
      "closure_error_ms": 0.0,
      "cuda_api_count": 75,
      "cuda_api_ms": 43.976752,
      "current_step": 686,
      "end_ns": 74648064,
      "explicit_kernel_count": 552,
      "explicit_kernel_outside_graph_union_ms": 43.206176,
      "explicit_kernel_sum_ms": 43.238464,
      "explicit_kernel_union_ms": 43.206176,
      "gpu_activity_kind": "cuda_kernel",
      "gpu_busy_fraction": 0.8702175490700316,
      "gpu_busy_residual_fraction": 0.12978245092996843,
      "gpu_busy_residual_ms": 6.4436800000000005,
      "gpu_busy_union_ms": 43.206176,
      "gpu_memory_operation_count": 62,
      "gpu_memory_union_ms": 0.108928,
      "graph_envelope_count": 0,
      "graph_envelope_fraction": 0.0,
      "graph_envelope_residual_fraction": 1.0,
      "graph_envelope_residual_ms": 49.649856,
      "graph_envelope_sum_ms": 0.0,
      "graph_envelope_union_ms": 0.0,
      "interface_wall_ms": 49.649856,
      "kernel_count": 552,
      "kernel_fraction": 0.8702175490700316,
      "kernel_sum_ms": 43.238464,
      "kernel_union_ms": 43.206176,
      "launch_api_count": 17,
      "non_kernel_fraction": 0.12978245092996843,
      "non_kernel_residual_ms": 6.4436800000000005,
      "nvtx_range": "step4d:block=000;pair=3;class=pad;call=686;step=686",
      "pair": 3,
      "start_ns": 24998208
    },
    {
      "block": 1,
      "call_index": 45,
      "class": "content",
      "closure_error_ms": 0.0,
      "cuda_api_count": 75,
      "cuda_api_ms": 44.258384,
      "current_step": 45,
      "end_ns": 74777552,
      "explicit_kernel_count": 552,
      "explicit_kernel_outside_graph_union_ms": 43.6024,
      "explicit_kernel_sum_ms": 43.637248,
      "explicit_kernel_union_ms": 43.6024,
      "gpu_activity_kind": "cuda_kernel",
      "gpu_busy_fraction": 0.883816762600101,
      "gpu_busy_residual_fraction": 0.116183237399899,
      "gpu_busy_residual_ms": 5.731807999999994,
      "gpu_busy_union_ms": 43.6024,
      "gpu_memory_operation_count": 62,
      "gpu_memory_union_ms": 0.079808,
      "graph_envelope_count": 0,
      "graph_envelope_fraction": 0.0,
      "graph_envelope_residual_fraction": 1.0,
      "graph_envelope_residual_ms": 49.334208,
      "graph_envelope_sum_ms": 0.0,
      "graph_envelope_union_ms": 0.0,
      "interface_wall_ms": 49.334208,
      "kernel_count": 552,
      "kernel_fraction": 0.883816762600101,
      "kernel_sum_ms": 43.637248,
      "kernel_union_ms": 43.6024,
      "launch_api_count": 17,
      "non_kernel_fraction": 0.116183237399899,
      "non_kernel_residual_ms": 5.731807999999994,
      "nvtx_range": "step4d:block=001;pair=1;class=content;call=45;step=45",
      "pair": 1,
      "start_ns": 25443344
    },
    {
      "block": 1,
      "call_index": 46,
      "class": "pad",
      "closure_error_ms": 0.0,
      "cuda_api_count": 75,
      "cuda_api_ms": 43.755968,
      "current_step": 46,
      "end_ns": 73760944,
      "explicit_kernel_count": 552,
      "explicit_kernel_outside_graph_union_ms": 42.989856,
      "explicit_kernel_sum_ms": 43.01344,
      "explicit_kernel_union_ms": 42.989856,
      "gpu_activity_kind": "cuda_kernel",
      "gpu_busy_fraction": 0.880249037394595,
      "gpu_busy_residual_fraction": 0.11975096260540496,
      "gpu_busy_residual_ms": 5.848431999999995,
      "gpu_busy_union_ms": 42.989856,
      "gpu_memory_operation_count": 62,
      "gpu_memory_union_ms": 0.08144,
      "graph_envelope_count": 0,
      "graph_envelope_fraction": 0.0,
      "graph_envelope_residual_fraction": 1.0,
      "graph_envelope_residual_ms": 48.838288,
      "graph_envelope_sum_ms": 0.0,
      "graph_envelope_union_ms": 0.0,
      "interface_wall_ms": 48.838288,
      "kernel_count": 552,
      "kernel_fraction": 0.880249037394595,
      "kernel_sum_ms": 43.01344,
      "kernel_union_ms": 42.989856,
      "launch_api_count": 17,
      "non_kernel_fraction": 0.11975096260540496,
      "non_kernel_residual_ms": 5.848431999999995,
      "nvtx_range": "step4d:block=001;pair=1;class=pad;call=46;step=46",
      "pair": 1,
      "start_ns": 24922656
    },
    {
      "block": 1,
      "call_index": 326,
      "class": "content",
      "closure_error_ms": 0.0,
      "cuda_api_count": 75,
      "cuda_api_ms": 43.88072,
      "current_step": 326,
      "end_ns": 74928976,
      "explicit_kernel_count": 552,
      "explicit_kernel_outside_graph_union_ms": 43.259936,
      "explicit_kernel_sum_ms": 43.301952,
      "explicit_kernel_union_ms": 43.259936,
      "gpu_activity_kind": "cuda_kernel",
      "gpu_busy_fraction": 0.8726873549150084,
      "gpu_busy_residual_fraction": 0.12731264508499163,
      "gpu_busy_residual_ms": 6.311007999999994,
      "gpu_busy_union_ms": 43.259936,
      "gpu_memory_operation_count": 62,
      "gpu_memory_union_ms": 0.076384,
      "graph_envelope_count": 0,
      "graph_envelope_fraction": 0.0,
      "graph_envelope_residual_fraction": 1.0,
      "graph_envelope_residual_ms": 49.570944,
      "graph_envelope_sum_ms": 0.0,
      "graph_envelope_union_ms": 0.0,
      "interface_wall_ms": 49.570944,
      "kernel_count": 552,
      "kernel_fraction": 0.8726873549150084,
      "kernel_sum_ms": 43.301952,
      "kernel_union_ms": 43.259936,
      "launch_api_count": 17,
      "non_kernel_fraction": 0.12731264508499163,
      "non_kernel_residual_ms": 6.311007999999994,
      "nvtx_range": "step4d:block=001;pair=2;class=content;call=326;step=326",
      "pair": 2,
      "start_ns": 25358032
    },
    {
      "block": 1,
      "call_index": 327,
      "class": "pad",
      "closure_error_ms": 0.0,
      "cuda_api_count": 75,
      "cuda_api_ms": 43.782384,
      "current_step": 327,
      "end_ns": 74307584,
      "explicit_kernel_count": 552,
      "explicit_kernel_outside_graph_union_ms": 43.07696,
      "explicit_kernel_sum_ms": 43.10208,
      "explicit_kernel_union_ms": 43.07696,
      "gpu_activity_kind": "cuda_kernel",
      "gpu_busy_fraction": 0.883855635588755,
      "gpu_busy_residual_fraction": 0.11614436441124498,
      "gpu_busy_residual_ms": 5.660592000000001,
      "gpu_busy_union_ms": 43.07696,
      "gpu_memory_operation_count": 62,
      "gpu_memory_union_ms": 0.077312,
      "graph_envelope_count": 0,
      "graph_envelope_fraction": 0.0,
      "graph_envelope_residual_fraction": 1.0,
      "graph_envelope_residual_ms": 48.737552,
      "graph_envelope_sum_ms": 0.0,
      "graph_envelope_union_ms": 0.0,
      "interface_wall_ms": 48.737552,
      "kernel_count": 552,
      "kernel_fraction": 0.883855635588755,
      "kernel_sum_ms": 43.10208,
      "kernel_union_ms": 43.07696,
      "launch_api_count": 17,
      "non_kernel_fraction": 0.11614436441124498,
      "non_kernel_residual_ms": 5.660592000000001,
      "nvtx_range": "step4d:block=001;pair=2;class=pad;call=327;step=327",
      "pair": 2,
      "start_ns": 25570032
    },
    {
      "block": 1,
      "call_index": 685,
      "class": "content",
      "closure_error_ms": 0.0,
      "cuda_api_count": 75,
      "cuda_api_ms": 43.493616,
      "current_step": 685,
      "end_ns": 74539920,
      "explicit_kernel_count": 552,
      "explicit_kernel_outside_graph_union_ms": 42.907264,
      "explicit_kernel_sum_ms": 42.940256,
      "explicit_kernel_union_ms": 42.907264,
      "gpu_activity_kind": "cuda_kernel",
      "gpu_busy_fraction": 0.878882980954778,
      "gpu_busy_residual_fraction": 0.12111701904522199,
      "gpu_busy_residual_ms": 5.912960000000005,
      "gpu_busy_union_ms": 42.907264,
      "gpu_memory_operation_count": 62,
      "gpu_memory_union_ms": 0.076064,
      "graph_envelope_count": 0,
      "graph_envelope_fraction": 0.0,
      "graph_envelope_residual_fraction": 1.0,
      "graph_envelope_residual_ms": 48.820224,
      "graph_envelope_sum_ms": 0.0,
      "graph_envelope_union_ms": 0.0,
      "interface_wall_ms": 48.820224,
      "kernel_count": 552,
      "kernel_fraction": 0.878882980954778,
      "kernel_sum_ms": 42.940256,
      "kernel_union_ms": 42.907264,
      "launch_api_count": 17,
      "non_kernel_fraction": 0.12111701904522199,
      "non_kernel_residual_ms": 5.912960000000005,
      "nvtx_range": "step4d:block=001;pair=3;class=content;call=685;step=685",
      "pair": 3,
      "start_ns": 25719696
    },
    {
      "block": 1,
      "call_index": 686,
      "class": "pad",
      "closure_error_ms": 0.0,
      "cuda_api_count": 75,
      "cuda_api_ms": 43.179472,
      "current_step": 686,
      "end_ns": 74632544,
      "explicit_kernel_count": 552,
      "explicit_kernel_outside_graph_union_ms": 42.520224,
      "explicit_kernel_sum_ms": 42.544288,
      "explicit_kernel_union_ms": 42.520224,
      "gpu_activity_kind": "cuda_kernel",
      "gpu_busy_fraction": 0.8694013871745405,
      "gpu_busy_residual_fraction": 0.13059861282545948,
      "gpu_busy_residual_ms": 6.387248,
      "gpu_busy_union_ms": 42.520224,
      "gpu_memory_operation_count": 62,
      "gpu_memory_union_ms": 0.094368,
      "graph_envelope_count": 0,
      "graph_envelope_fraction": 0.0,
      "graph_envelope_residual_fraction": 1.0,
      "graph_envelope_residual_ms": 48.907472,
      "graph_envelope_sum_ms": 0.0,
      "graph_envelope_union_ms": 0.0,
      "interface_wall_ms": 48.907472,
      "kernel_count": 552,
      "kernel_fraction": 0.8694013871745405,
      "kernel_sum_ms": 42.544288,
      "kernel_union_ms": 42.520224,
      "launch_api_count": 17,
      "non_kernel_fraction": 0.13059861282545948,
      "non_kernel_residual_ms": 6.387248,
      "nvtx_range": "step4d:block=001;pair=3;class=pad;call=686;step=686",
      "pair": 3,
      "start_ns": 25725072
    },
    {
      "block": 2,
      "call_index": 45,
      "class": "content",
      "closure_error_ms": 0.0,
      "cuda_api_count": 75,
      "cuda_api_ms": 43.55216,
      "current_step": 45,
      "end_ns": 74285536,
      "explicit_kernel_count": 552,
      "explicit_kernel_outside_graph_union_ms": 42.956672,
      "explicit_kernel_sum_ms": 42.982112,
      "explicit_kernel_union_ms": 42.956672,
      "gpu_activity_kind": "cuda_kernel",
      "gpu_busy_fraction": 0.8815487565423538,
      "gpu_busy_residual_fraction": 0.11845124345764624,
      "gpu_busy_residual_ms": 5.771968000000001,
      "gpu_busy_union_ms": 42.956672,
      "gpu_memory_operation_count": 62,
      "gpu_memory_union_ms": 0.074464,
      "graph_envelope_count": 0,
      "graph_envelope_fraction": 0.0,
      "graph_envelope_residual_fraction": 1.0,
      "graph_envelope_residual_ms": 48.72864,
      "graph_envelope_sum_ms": 0.0,
      "graph_envelope_union_ms": 0.0,
      "interface_wall_ms": 48.72864,
      "kernel_count": 552,
      "kernel_fraction": 0.8815487565423538,
      "kernel_sum_ms": 42.982112,
      "kernel_union_ms": 42.956672,
      "launch_api_count": 17,
      "non_kernel_fraction": 0.11845124345764624,
      "non_kernel_residual_ms": 5.771968000000001,
      "nvtx_range": "step4d:block=002;pair=1;class=content;call=45;step=45",
      "pair": 1,
      "start_ns": 25556896
    },
    {
      "block": 2,
      "call_index": 46,
      "class": "pad",
      "closure_error_ms": 0.0,
      "cuda_api_count": 75,
      "cuda_api_ms": 43.9712,
      "current_step": 46,
      "end_ns": 73683568,
      "explicit_kernel_count": 552,
      "explicit_kernel_outside_graph_union_ms": 43.317344,
      "explicit_kernel_sum_ms": 43.342144,
      "explicit_kernel_union_ms": 43.317344,
      "gpu_activity_kind": "cuda_kernel",
      "gpu_busy_fraction": 0.8844300066707915,
      "gpu_busy_residual_fraction": 0.11556999332920848,
      "gpu_busy_residual_ms": 5.660352000000003,
      "gpu_busy_union_ms": 43.317344,
      "gpu_memory_operation_count": 62,
      "gpu_memory_union_ms": 0.07872,
      "graph_envelope_count": 0,
      "graph_envelope_fraction": 0.0,
      "graph_envelope_residual_fraction": 1.0,
      "graph_envelope_residual_ms": 48.977696,
      "graph_envelope_sum_ms": 0.0,
      "graph_envelope_union_ms": 0.0,
      "interface_wall_ms": 48.977696,
      "kernel_count": 552,
      "kernel_fraction": 0.8844300066707915,
      "kernel_sum_ms": 43.342144,
      "kernel_union_ms": 43.317344,
      "launch_api_count": 17,
      "non_kernel_fraction": 0.11556999332920848,
      "non_kernel_residual_ms": 5.660352000000003,
      "nvtx_range": "step4d:block=002;pair=1;class=pad;call=46;step=46",
      "pair": 1,
      "start_ns": 24705872
    },
    {
      "block": 2,
      "call_index": 326,
      "class": "content",
      "closure_error_ms": 0.0,
      "cuda_api_count": 75,
      "cuda_api_ms": 43.545808,
      "current_step": 326,
      "end_ns": 73963648,
      "explicit_kernel_count": 552,
      "explicit_kernel_outside_graph_union_ms": 42.92752,
      "explicit_kernel_sum_ms": 42.95456,
      "explicit_kernel_union_ms": 42.92752,
      "gpu_activity_kind": "cuda_kernel",
      "gpu_busy_fraction": 0.8996809332910818,
      "gpu_busy_residual_fraction": 0.10031906670891821,
      "gpu_busy_residual_ms": 4.7866399999999985,
      "gpu_busy_union_ms": 42.92752,
      "gpu_memory_operation_count": 62,
      "gpu_memory_union_ms": 0.070688,
      "graph_envelope_count": 0,
      "graph_envelope_fraction": 0.0,
      "graph_envelope_residual_fraction": 1.0,
      "graph_envelope_residual_ms": 47.71416,
      "graph_envelope_sum_ms": 0.0,
      "graph_envelope_union_ms": 0.0,
      "interface_wall_ms": 47.71416,
      "kernel_count": 552,
      "kernel_fraction": 0.8996809332910818,
      "kernel_sum_ms": 42.95456,
      "kernel_union_ms": 42.92752,
      "launch_api_count": 17,
      "non_kernel_fraction": 0.10031906670891821,
      "non_kernel_residual_ms": 4.7866399999999985,
      "nvtx_range": "step4d:block=002;pair=2;class=content;call=326;step=326",
      "pair": 2,
      "start_ns": 26249488
    },
    {
      "block": 2,
      "call_index": 327,
      "class": "pad",
      "closure_error_ms": 0.0,
      "cuda_api_count": 75,
      "cuda_api_ms": 43.103968,
      "current_step": 327,
      "end_ns": 73944240,
      "explicit_kernel_count": 552,
      "explicit_kernel_outside_graph_union_ms": 42.499808,
      "explicit_kernel_sum_ms": 42.524096,
      "explicit_kernel_union_ms": 42.499808,
      "gpu_activity_kind": "cuda_kernel",
      "gpu_busy_fraction": 0.8788985634803383,
      "gpu_busy_residual_fraction": 0.12110143651966165,
      "gpu_busy_residual_ms": 5.855951999999995,
      "gpu_busy_union_ms": 42.499808,
      "gpu_memory_operation_count": 62,
      "gpu_memory_union_ms": 0.072864,
      "graph_envelope_count": 0,
      "graph_envelope_fraction": 0.0,
      "graph_envelope_residual_fraction": 1.0,
      "graph_envelope_residual_ms": 48.35576,
      "graph_envelope_sum_ms": 0.0,
      "graph_envelope_union_ms": 0.0,
      "interface_wall_ms": 48.35576,
      "kernel_count": 552,
      "kernel_fraction": 0.8788985634803383,
      "kernel_sum_ms": 42.524096,
      "kernel_union_ms": 42.499808,
      "launch_api_count": 17,
      "non_kernel_fraction": 0.12110143651966165,
      "non_kernel_residual_ms": 5.855951999999995,
      "nvtx_range": "step4d:block=002;pair=2;class=pad;call=327;step=327",
      "pair": 2,
      "start_ns": 25588480
    },
    {
      "block": 2,
      "call_index": 685,
      "class": "content",
      "closure_error_ms": 0.0,
      "cuda_api_count": 75,
      "cuda_api_ms": 43.810352,
      "current_step": 685,
      "end_ns": 75374304,
      "explicit_kernel_count": 552,
      "explicit_kernel_outside_graph_union_ms": 43.14736,
      "explicit_kernel_sum_ms": 43.171936,
      "explicit_kernel_union_ms": 43.14736,
      "gpu_activity_kind": "cuda_kernel",
      "gpu_busy_fraction": 0.8860741609154916,
      "gpu_busy_residual_fraction": 0.11392583908450837,
      "gpu_busy_residual_ms": 5.547615999999998,
      "gpu_busy_union_ms": 43.14736,
      "gpu_memory_operation_count": 62,
      "gpu_memory_union_ms": 0.074592,
      "graph_envelope_count": 0,
      "graph_envelope_fraction": 0.0,
      "graph_envelope_residual_fraction": 1.0,
      "graph_envelope_residual_ms": 48.694976,
      "graph_envelope_sum_ms": 0.0,
      "graph_envelope_union_ms": 0.0,
      "interface_wall_ms": 48.694976,
      "kernel_count": 552,
      "kernel_fraction": 0.8860741609154916,
      "kernel_sum_ms": 43.171936,
      "kernel_union_ms": 43.14736,
      "launch_api_count": 17,
      "non_kernel_fraction": 0.11392583908450837,
      "non_kernel_residual_ms": 5.547615999999998,
      "nvtx_range": "step4d:block=002;pair=3;class=content;call=685;step=685",
      "pair": 3,
      "start_ns": 26679328
    },
    {
      "block": 2,
      "call_index": 686,
      "class": "pad",
      "closure_error_ms": 0.0,
      "cuda_api_count": 75,
      "cuda_api_ms": 43.586928,
      "current_step": 686,
      "end_ns": 75088960,
      "explicit_kernel_count": 552,
      "explicit_kernel_outside_graph_union_ms": 42.983744,
      "explicit_kernel_sum_ms": 43.008096,
      "explicit_kernel_union_ms": 42.983744,
      "gpu_activity_kind": "cuda_kernel",
      "gpu_busy_fraction": 0.8752980396986598,
      "gpu_busy_residual_fraction": 0.12470196030134018,
      "gpu_busy_residual_ms": 6.123807999999997,
      "gpu_busy_union_ms": 42.983744,
      "gpu_memory_operation_count": 62,
      "gpu_memory_union_ms": 0.076064,
      "graph_envelope_count": 0,
      "graph_envelope_fraction": 0.0,
      "graph_envelope_residual_fraction": 1.0,
      "graph_envelope_residual_ms": 49.107552,
      "graph_envelope_sum_ms": 0.0,
      "graph_envelope_union_ms": 0.0,
      "interface_wall_ms": 49.107552,
      "kernel_count": 552,
      "kernel_fraction": 0.8752980396986598,
      "kernel_sum_ms": 43.008096,
      "kernel_union_ms": 42.983744,
      "launch_api_count": 17,
      "non_kernel_fraction": 0.12470196030134018,
      "non_kernel_residual_ms": 6.123807999999997,
      "nvtx_range": "step4d:block=002;pair=3;class=pad;call=686;step=686",
      "pair": 3,
      "start_ns": 25981408
    },
    {
      "block": 3,
      "call_index": 45,
      "class": "content",
      "closure_error_ms": 0.0,
      "cuda_api_count": 75,
      "cuda_api_ms": 43.556272,
      "current_step": 45,
      "end_ns": 75517856,
      "explicit_kernel_count": 552,
      "explicit_kernel_outside_graph_union_ms": 42.977312,
      "explicit_kernel_sum_ms": 43.009952,
      "explicit_kernel_union_ms": 42.977312,
      "gpu_activity_kind": "cuda_kernel",
      "gpu_busy_fraction": 0.8700759689827061,
      "gpu_busy_residual_fraction": 0.12992403101729388,
      "gpu_busy_residual_ms": 6.417584000000005,
      "gpu_busy_union_ms": 42.977312,
      "gpu_memory_operation_count": 62,
      "gpu_memory_union_ms": 0.074112,
      "graph_envelope_count": 0,
      "graph_envelope_fraction": 0.0,
      "graph_envelope_residual_fraction": 1.0,
      "graph_envelope_residual_ms": 49.394896,
      "graph_envelope_sum_ms": 0.0,
      "graph_envelope_union_ms": 0.0,
      "interface_wall_ms": 49.394896,
      "kernel_count": 552,
      "kernel_fraction": 0.8700759689827061,
      "kernel_sum_ms": 43.009952,
      "kernel_union_ms": 42.977312,
      "launch_api_count": 17,
      "non_kernel_fraction": 0.12992403101729388,
      "non_kernel_residual_ms": 6.417584000000005,
      "nvtx_range": "step4d:block=003;pair=1;class=content;call=45;step=45",
      "pair": 1,
      "start_ns": 26122960
    },
    {
      "block": 3,
      "call_index": 46,
      "class": "pad",
      "closure_error_ms": 0.0,
      "cuda_api_count": 75,
      "cuda_api_ms": 43.59416,
      "current_step": 46,
      "end_ns": 75199136,
      "explicit_kernel_count": 552,
      "explicit_kernel_outside_graph_union_ms": 42.910816,
      "explicit_kernel_sum_ms": 42.935008,
      "explicit_kernel_union_ms": 42.910816,
      "gpu_activity_kind": "cuda_kernel",
      "gpu_busy_fraction": 0.8767289067653825,
      "gpu_busy_residual_fraction": 0.12327109323461749,
      "gpu_busy_residual_ms": 6.033408000000001,
      "gpu_busy_union_ms": 42.910816,
      "gpu_memory_operation_count": 62,
      "gpu_memory_union_ms": 0.07392,
      "graph_envelope_count": 0,
      "graph_envelope_fraction": 0.0,
      "graph_envelope_residual_fraction": 1.0,
      "graph_envelope_residual_ms": 48.944224,
      "graph_envelope_sum_ms": 0.0,
      "graph_envelope_union_ms": 0.0,
      "interface_wall_ms": 48.944224,
      "kernel_count": 552,
      "kernel_fraction": 0.8767289067653825,
      "kernel_sum_ms": 42.935008,
      "kernel_union_ms": 42.910816,
      "launch_api_count": 17,
      "non_kernel_fraction": 0.12327109323461749,
      "non_kernel_residual_ms": 6.033408000000001,
      "nvtx_range": "step4d:block=003;pair=1;class=pad;call=46;step=46",
      "pair": 1,
      "start_ns": 26254912
    },
    {
      "block": 3,
      "call_index": 326,
      "class": "content",
      "closure_error_ms": 0.0,
      "cuda_api_count": 75,
      "cuda_api_ms": 42.954416,
      "current_step": 326,
      "end_ns": 73777664,
      "explicit_kernel_count": 552,
      "explicit_kernel_outside_graph_union_ms": 42.399072,
      "explicit_kernel_sum_ms": 42.423872,
      "explicit_kernel_union_ms": 42.399072,
      "gpu_activity_kind": "cuda_kernel",
      "gpu_busy_fraction": 0.8805991129348218,
      "gpu_busy_residual_fraction": 0.11940088706517815,
      "gpu_busy_residual_ms": 5.748912000000004,
      "gpu_busy_union_ms": 42.399072,
      "gpu_memory_operation_count": 62,
      "gpu_memory_union_ms": 0.071616,
      "graph_envelope_count": 0,
      "graph_envelope_fraction": 0.0,
      "graph_envelope_residual_fraction": 1.0,
      "graph_envelope_residual_ms": 48.147984,
      "graph_envelope_sum_ms": 0.0,
      "graph_envelope_union_ms": 0.0,
      "interface_wall_ms": 48.147984,
      "kernel_count": 552,
      "kernel_fraction": 0.8805991129348218,
      "kernel_sum_ms": 42.423872,
      "kernel_union_ms": 42.399072,
      "launch_api_count": 17,
      "non_kernel_fraction": 0.11940088706517815,
      "non_kernel_residual_ms": 5.748912000000004,
      "nvtx_range": "step4d:block=003;pair=2;class=content;call=326;step=326",
      "pair": 2,
      "start_ns": 25629680
    },
    {
      "block": 3,
      "call_index": 327,
      "class": "pad",
      "closure_error_ms": 0.0,
      "cuda_api_count": 75,
      "cuda_api_ms": 42.960688,
      "current_step": 327,
      "end_ns": 73538016,
      "explicit_kernel_count": 552,
      "explicit_kernel_outside_graph_union_ms": 42.391232,
      "explicit_kernel_sum_ms": 42.415296,
      "explicit_kernel_union_ms": 42.391232,
      "gpu_activity_kind": "cuda_kernel",
      "gpu_busy_fraction": 0.8817604243975333,
      "gpu_busy_residual_fraction": 0.11823957560246667,
      "gpu_busy_residual_ms": 5.684447999999996,
      "gpu_busy_union_ms": 42.391232,
      "gpu_memory_operation_count": 62,
      "gpu_memory_union_ms": 0.072,
      "graph_envelope_count": 0,
      "graph_envelope_fraction": 0.0,
      "graph_envelope_residual_fraction": 1.0,
      "graph_envelope_residual_ms": 48.07568,
      "graph_envelope_sum_ms": 0.0,
      "graph_envelope_union_ms": 0.0,
      "interface_wall_ms": 48.07568,
      "kernel_count": 552,
      "kernel_fraction": 0.8817604243975333,
      "kernel_sum_ms": 42.415296,
      "kernel_union_ms": 42.391232,
      "launch_api_count": 17,
      "non_kernel_fraction": 0.11823957560246667,
      "non_kernel_residual_ms": 5.684447999999996,
      "nvtx_range": "step4d:block=003;pair=2;class=pad;call=327;step=327",
      "pair": 2,
      "start_ns": 25462336
    },
    {
      "block": 3,
      "call_index": 685,
      "class": "content",
      "closure_error_ms": 0.0,
      "cuda_api_count": 75,
      "cuda_api_ms": 43.348448,
      "current_step": 685,
      "end_ns": 74861920,
      "explicit_kernel_count": 552,
      "explicit_kernel_outside_graph_union_ms": 42.75984,
      "explicit_kernel_sum_ms": 42.787648,
      "explicit_kernel_union_ms": 42.75984,
      "gpu_activity_kind": "cuda_kernel",
      "gpu_busy_fraction": 0.883397972854376,
      "gpu_busy_residual_fraction": 0.11660202714562395,
      "gpu_busy_residual_ms": 5.643984000000003,
      "gpu_busy_union_ms": 42.75984,
      "gpu_memory_operation_count": 62,
      "gpu_memory_union_ms": 0.073568,
      "graph_envelope_count": 0,
      "graph_envelope_fraction": 0.0,
      "graph_envelope_residual_fraction": 1.0,
      "graph_envelope_residual_ms": 48.403824,
      "graph_envelope_sum_ms": 0.0,
      "graph_envelope_union_ms": 0.0,
      "interface_wall_ms": 48.403824,
      "kernel_count": 552,
      "kernel_fraction": 0.883397972854376,
      "kernel_sum_ms": 42.787648,
      "kernel_union_ms": 42.75984,
      "launch_api_count": 17,
      "non_kernel_fraction": 0.11660202714562395,
      "non_kernel_residual_ms": 5.643984000000003,
      "nvtx_range": "step4d:block=003;pair=3;class=content;call=685;step=685",
      "pair": 3,
      "start_ns": 26458096
    },
    {
      "block": 3,
      "call_index": 686,
      "class": "pad",
      "closure_error_ms": 0.0,
      "cuda_api_count": 75,
      "cuda_api_ms": 43.209328,
      "current_step": 686,
      "end_ns": 74786592,
      "explicit_kernel_count": 552,
      "explicit_kernel_outside_graph_union_ms": 42.510592,
      "explicit_kernel_sum_ms": 42.534272,
      "explicit_kernel_union_ms": 42.510592,
      "gpu_activity_kind": "cuda_kernel",
      "gpu_busy_fraction": 0.8778673295990522,
      "gpu_busy_residual_fraction": 0.12213267040094777,
      "gpu_busy_residual_ms": 5.914255999999995,
      "gpu_busy_union_ms": 42.510592,
      "gpu_memory_operation_count": 62,
      "gpu_memory_union_ms": 0.108288,
      "graph_envelope_count": 0,
      "graph_envelope_fraction": 0.0,
      "graph_envelope_residual_fraction": 1.0,
      "graph_envelope_residual_ms": 48.424848,
      "graph_envelope_sum_ms": 0.0,
      "graph_envelope_union_ms": 0.0,
      "interface_wall_ms": 48.424848,
      "kernel_count": 552,
      "kernel_fraction": 0.8778673295990522,
      "kernel_sum_ms": 42.534272,
      "kernel_union_ms": 42.510592,
      "launch_api_count": 17,
      "non_kernel_fraction": 0.12213267040094777,
      "non_kernel_residual_ms": 5.914255999999995,
      "nvtx_range": "step4d:block=003;pair=3;class=pad;call=686;step=686",
      "pair": 3,
      "start_ns": 26361744
    },
    {
      "block": 4,
      "call_index": 45,
      "class": "content",
      "closure_error_ms": 0.0,
      "cuda_api_count": 75,
      "cuda_api_ms": 43.546224,
      "current_step": 45,
      "end_ns": 75513888,
      "explicit_kernel_count": 552,
      "explicit_kernel_outside_graph_union_ms": 42.968576,
      "explicit_kernel_sum_ms": 42.992384,
      "explicit_kernel_union_ms": 42.968576,
      "gpu_activity_kind": "cuda_kernel",
      "gpu_busy_fraction": 0.8781584915038364,
      "gpu_busy_residual_fraction": 0.1218415084961636,
      "gpu_busy_residual_ms": 5.961744000000003,
      "gpu_busy_union_ms": 42.968576,
      "gpu_memory_operation_count": 62,
      "gpu_memory_union_ms": 0.08032,
      "graph_envelope_count": 0,
      "graph_envelope_fraction": 0.0,
      "graph_envelope_residual_fraction": 1.0,
      "graph_envelope_residual_ms": 48.93032,
      "graph_envelope_sum_ms": 0.0,
      "graph_envelope_union_ms": 0.0,
      "interface_wall_ms": 48.93032,
      "kernel_count": 552,
      "kernel_fraction": 0.8781584915038364,
      "kernel_sum_ms": 42.992384,
      "kernel_union_ms": 42.968576,
      "launch_api_count": 17,
      "non_kernel_fraction": 0.1218415084961636,
      "non_kernel_residual_ms": 5.961744000000003,
      "nvtx_range": "step4d:block=004;pair=1;class=content;call=45;step=45",
      "pair": 1,
      "start_ns": 26583568
    },
    {
      "block": 4,
      "call_index": 46,
      "class": "pad",
      "closure_error_ms": 0.0,
      "cuda_api_count": 75,
      "cuda_api_ms": 43.272192,
      "current_step": 46,
      "end_ns": 74488176,
      "explicit_kernel_count": 552,
      "explicit_kernel_outside_graph_union_ms": 42.609216,
      "explicit_kernel_sum_ms": 42.63296,
      "explicit_kernel_union_ms": 42.609216,
      "gpu_activity_kind": "cuda_kernel",
      "gpu_busy_fraction": 0.8776565820882095,
      "gpu_busy_residual_fraction": 0.12234341791179049,
      "gpu_busy_residual_ms": 5.939631999999996,
      "gpu_busy_union_ms": 42.609216,
      "gpu_memory_operation_count": 62,
      "gpu_memory_union_ms": 0.108736,
      "graph_envelope_count": 0,
      "graph_envelope_fraction": 0.0,
      "graph_envelope_residual_fraction": 1.0,
      "graph_envelope_residual_ms": 48.548848,
      "graph_envelope_sum_ms": 0.0,
      "graph_envelope_union_ms": 0.0,
      "interface_wall_ms": 48.548848,
      "kernel_count": 552,
      "kernel_fraction": 0.8776565820882095,
      "kernel_sum_ms": 42.63296,
      "kernel_union_ms": 42.609216,
      "launch_api_count": 17,
      "non_kernel_fraction": 0.12234341791179049,
      "non_kernel_residual_ms": 5.939631999999996,
      "nvtx_range": "step4d:block=004;pair=1;class=pad;call=46;step=46",
      "pair": 1,
      "start_ns": 25939328
    },
    {
      "block": 4,
      "call_index": 326,
      "class": "content",
      "closure_error_ms": 0.0,
      "cuda_api_count": 75,
      "cuda_api_ms": 43.832944,
      "current_step": 326,
      "end_ns": 75830752,
      "explicit_kernel_count": 552,
      "explicit_kernel_outside_graph_union_ms": 43.22336,
      "explicit_kernel_sum_ms": 43.262816,
      "explicit_kernel_union_ms": 43.22336,
      "gpu_activity_kind": "cuda_kernel",
      "gpu_busy_fraction": 0.8624205724910101,
      "gpu_busy_residual_fraction": 0.13757942750898988,
      "gpu_busy_residual_ms": 6.895296000000002,
      "gpu_busy_union_ms": 43.22336,
      "gpu_memory_operation_count": 62,
      "gpu_memory_union_ms": 0.080448,
      "graph_envelope_count": 0,
      "graph_envelope_fraction": 0.0,
      "graph_envelope_residual_fraction": 1.0,
      "graph_envelope_residual_ms": 50.118656,
      "graph_envelope_sum_ms": 0.0,
      "graph_envelope_union_ms": 0.0,
      "interface_wall_ms": 50.118656,
      "kernel_count": 552,
      "kernel_fraction": 0.8624205724910101,
      "kernel_sum_ms": 43.262816,
      "kernel_union_ms": 43.22336,
      "launch_api_count": 17,
      "non_kernel_fraction": 0.13757942750898988,
      "non_kernel_residual_ms": 6.895296000000002,
      "nvtx_range": "step4d:block=004;pair=2;class=content;call=326;step=326",
      "pair": 2,
      "start_ns": 25712096
    },
    {
      "block": 4,
      "call_index": 327,
      "class": "pad",
      "closure_error_ms": 0.0,
      "cuda_api_count": 75,
      "cuda_api_ms": 43.700608,
      "current_step": 327,
      "end_ns": 74103648,
      "explicit_kernel_count": 552,
      "explicit_kernel_outside_graph_union_ms": 43.06672,
      "explicit_kernel_sum_ms": 43.091968,
      "explicit_kernel_union_ms": 43.06672,
      "gpu_activity_kind": "cuda_kernel",
      "gpu_busy_fraction": 0.8923076107059542,
      "gpu_busy_residual_fraction": 0.10769238929404579,
      "gpu_busy_residual_ms": 5.197712000000003,
      "gpu_busy_union_ms": 43.06672,
      "gpu_memory_operation_count": 62,
      "gpu_memory_union_ms": 0.076864,
      "graph_envelope_count": 0,
      "graph_envelope_fraction": 0.0,
      "graph_envelope_residual_fraction": 1.0,
      "graph_envelope_residual_ms": 48.264432,
      "graph_envelope_sum_ms": 0.0,
      "graph_envelope_union_ms": 0.0,
      "interface_wall_ms": 48.264432,
      "kernel_count": 552,
      "kernel_fraction": 0.8923076107059542,
      "kernel_sum_ms": 43.091968,
      "kernel_union_ms": 43.06672,
      "launch_api_count": 17,
      "non_kernel_fraction": 0.10769238929404579,
      "non_kernel_residual_ms": 5.197712000000003,
      "nvtx_range": "step4d:block=004;pair=2;class=pad;call=327;step=327",
      "pair": 2,
      "start_ns": 25839216
    },
    {
      "block": 4,
      "call_index": 685,
      "class": "content",
      "closure_error_ms": 0.0,
      "cuda_api_count": 75,
      "cuda_api_ms": 43.607008,
      "current_step": 685,
      "end_ns": 75996448,
      "explicit_kernel_count": 552,
      "explicit_kernel_outside_graph_union_ms": 43.015456,
      "explicit_kernel_sum_ms": 43.040096,
      "explicit_kernel_union_ms": 43.015456,
      "gpu_activity_kind": "cuda_kernel",
      "gpu_busy_fraction": 0.8676646953953323,
      "gpu_busy_residual_fraction": 0.1323353046046677,
      "gpu_busy_residual_ms": 6.560671999999997,
      "gpu_busy_union_ms": 43.015456,
      "gpu_memory_operation_count": 62,
      "gpu_memory_union_ms": 0.087584,
      "graph_envelope_count": 0,
      "graph_envelope_fraction": 0.0,
      "graph_envelope_residual_fraction": 1.0,
      "graph_envelope_residual_ms": 49.576128,
      "graph_envelope_sum_ms": 0.0,
      "graph_envelope_union_ms": 0.0,
      "interface_wall_ms": 49.576128,
      "kernel_count": 552,
      "kernel_fraction": 0.8676646953953323,
      "kernel_sum_ms": 43.040096,
      "kernel_union_ms": 43.015456,
      "launch_api_count": 17,
      "non_kernel_fraction": 0.1323353046046677,
      "non_kernel_residual_ms": 6.560671999999997,
      "nvtx_range": "step4d:block=004;pair=3;class=content;call=685;step=685",
      "pair": 3,
      "start_ns": 26420320
    },
    {
      "block": 4,
      "call_index": 686,
      "class": "pad",
      "closure_error_ms": 0.0,
      "cuda_api_count": 75,
      "cuda_api_ms": 43.53008,
      "current_step": 686,
      "end_ns": 75783632,
      "explicit_kernel_count": 552,
      "explicit_kernel_outside_graph_union_ms": 42.916799,
      "explicit_kernel_sum_ms": 42.941983,
      "explicit_kernel_union_ms": 42.916799,
      "gpu_activity_kind": "cuda_kernel",
      "gpu_busy_fraction": 0.86514278500961,
      "gpu_busy_residual_fraction": 0.13485721499039005,
      "gpu_busy_residual_ms": 6.689809000000004,
      "gpu_busy_union_ms": 42.916799,
      "gpu_memory_operation_count": 62,
      "gpu_memory_union_ms": 0.074688,
      "graph_envelope_count": 0,
      "graph_envelope_fraction": 0.0,
      "graph_envelope_residual_fraction": 1.0,
      "graph_envelope_residual_ms": 49.606608,
      "graph_envelope_sum_ms": 0.0,
      "graph_envelope_union_ms": 0.0,
      "interface_wall_ms": 49.606608,
      "kernel_count": 552,
      "kernel_fraction": 0.86514278500961,
      "kernel_sum_ms": 42.941983,
      "kernel_union_ms": 42.916799,
      "launch_api_count": 17,
      "non_kernel_fraction": 0.13485721499039005,
      "non_kernel_residual_ms": 6.689809000000004,
      "nvtx_range": "step4d:block=004;pair=3;class=pad;call=686;step=686",
      "pair": 3,
      "start_ns": 26177024
    },
    {
      "block": 5,
      "call_index": 45,
      "class": "content",
      "closure_error_ms": 0.0,
      "cuda_api_count": 75,
      "cuda_api_ms": 43.631984,
      "current_step": 45,
      "end_ns": 74653664,
      "explicit_kernel_count": 552,
      "explicit_kernel_outside_graph_union_ms": 43.01824,
      "explicit_kernel_sum_ms": 43.042432,
      "explicit_kernel_union_ms": 43.01824,
      "gpu_activity_kind": "cuda_kernel",
      "gpu_busy_fraction": 0.8836324687869017,
      "gpu_busy_residual_fraction": 0.11636753121309829,
      "gpu_busy_residual_ms": 5.665168000000001,
      "gpu_busy_union_ms": 43.01824,
      "gpu_memory_operation_count": 62,
      "gpu_memory_union_ms": 0.084544,
      "graph_envelope_count": 0,
      "graph_envelope_fraction": 0.0,
      "graph_envelope_residual_fraction": 1.0,
      "graph_envelope_residual_ms": 48.683408,
      "graph_envelope_sum_ms": 0.0,
      "graph_envelope_union_ms": 0.0,
      "interface_wall_ms": 48.683408,
      "kernel_count": 552,
      "kernel_fraction": 0.8836324687869017,
      "kernel_sum_ms": 43.042432,
      "kernel_union_ms": 43.01824,
      "launch_api_count": 17,
      "non_kernel_fraction": 0.11636753121309829,
      "non_kernel_residual_ms": 5.665168000000001,
      "nvtx_range": "step4d:block=005;pair=1;class=content;call=45;step=45",
      "pair": 1,
      "start_ns": 25970256
    },
    {
      "block": 5,
      "call_index": 46,
      "class": "pad",
      "closure_error_ms": 0.0,
      "cuda_api_count": 75,
      "cuda_api_ms": 43.45368,
      "current_step": 46,
      "end_ns": 75273840,
      "explicit_kernel_count": 552,
      "explicit_kernel_outside_graph_union_ms": 42.75216,
      "explicit_kernel_sum_ms": 42.775968,
      "explicit_kernel_union_ms": 42.75216,
      "gpu_activity_kind": "cuda_kernel",
      "gpu_busy_fraction": 0.8703128033217684,
      "gpu_busy_residual_fraction": 0.1296871966782316,
      "gpu_busy_residual_ms": 6.370591999999995,
      "gpu_busy_union_ms": 42.75216,
      "gpu_memory_operation_count": 62,
      "gpu_memory_union_ms": 0.142336,
      "graph_envelope_count": 0,
      "graph_envelope_fraction": 0.0,
      "graph_envelope_residual_fraction": 1.0,
      "graph_envelope_residual_ms": 49.122752,
      "graph_envelope_sum_ms": 0.0,
      "graph_envelope_union_ms": 0.0,
      "interface_wall_ms": 49.122752,
      "kernel_count": 552,
      "kernel_fraction": 0.8703128033217684,
      "kernel_sum_ms": 42.775968,
      "kernel_union_ms": 42.75216,
      "launch_api_count": 17,
      "non_kernel_fraction": 0.1296871966782316,
      "non_kernel_residual_ms": 6.370591999999995,
      "nvtx_range": "step4d:block=005;pair=1;class=pad;call=46;step=46",
      "pair": 1,
      "start_ns": 26151088
    },
    {
      "block": 5,
      "call_index": 326,
      "class": "content",
      "closure_error_ms": 0.0,
      "cuda_api_count": 75,
      "cuda_api_ms": 43.692128,
      "current_step": 326,
      "end_ns": 76427232,
      "explicit_kernel_count": 552,
      "explicit_kernel_outside_graph_union_ms": 43.079616,
      "explicit_kernel_sum_ms": 43.108704,
      "explicit_kernel_union_ms": 43.079616,
      "gpu_activity_kind": "cuda_kernel",
      "gpu_busy_fraction": 0.8618501855755243,
      "gpu_busy_residual_fraction": 0.13814981442447571,
      "gpu_busy_residual_ms": 6.9054239999999965,
      "gpu_busy_union_ms": 43.079616,
      "gpu_memory_operation_count": 62,
      "gpu_memory_union_ms": 0.07712,
      "graph_envelope_count": 0,
      "graph_envelope_fraction": 0.0,
      "graph_envelope_residual_fraction": 1.0,
      "graph_envelope_residual_ms": 49.98504,
      "graph_envelope_sum_ms": 0.0,
      "graph_envelope_union_ms": 0.0,
      "interface_wall_ms": 49.98504,
      "kernel_count": 552,
      "kernel_fraction": 0.8618501855755243,
      "kernel_sum_ms": 43.108704,
      "kernel_union_ms": 43.079616,
      "launch_api_count": 17,
      "non_kernel_fraction": 0.13814981442447571,
      "non_kernel_residual_ms": 6.9054239999999965,
      "nvtx_range": "step4d:block=005;pair=2;class=content;call=326;step=326",
      "pair": 2,
      "start_ns": 26442192
    },
    {
      "block": 5,
      "call_index": 327,
      "class": "pad",
      "closure_error_ms": 0.0,
      "cuda_api_count": 75,
      "cuda_api_ms": 43.603392,
      "current_step": 327,
      "end_ns": 75289584,
      "explicit_kernel_count": 552,
      "explicit_kernel_outside_graph_union_ms": 42.975616,
      "explicit_kernel_sum_ms": 43.001344,
      "explicit_kernel_union_ms": 42.975616,
      "gpu_activity_kind": "cuda_kernel",
      "gpu_busy_fraction": 0.8624939270059024,
      "gpu_busy_residual_fraction": 0.13750607299409756,
      "gpu_busy_residual_ms": 6.851535999999996,
      "gpu_busy_union_ms": 42.975616,
      "gpu_memory_operation_count": 62,
      "gpu_memory_union_ms": 0.073344,
      "graph_envelope_count": 0,
      "graph_envelope_fraction": 0.0,
      "graph_envelope_residual_fraction": 1.0,
      "graph_envelope_residual_ms": 49.827152,
      "graph_envelope_sum_ms": 0.0,
      "graph_envelope_union_ms": 0.0,
      "interface_wall_ms": 49.827152,
      "kernel_count": 552,
      "kernel_fraction": 0.8624939270059024,
      "kernel_sum_ms": 43.001344,
      "kernel_union_ms": 42.975616,
      "launch_api_count": 17,
      "non_kernel_fraction": 0.13750607299409756,
      "non_kernel_residual_ms": 6.851535999999996,
      "nvtx_range": "step4d:block=005;pair=2;class=pad;call=327;step=327",
      "pair": 2,
      "start_ns": 25462432
    },
    {
      "block": 5,
      "call_index": 685,
      "class": "content",
      "closure_error_ms": 0.0,
      "cuda_api_count": 75,
      "cuda_api_ms": 43.247824,
      "current_step": 685,
      "end_ns": 75357728,
      "explicit_kernel_count": 552,
      "explicit_kernel_outside_graph_union_ms": 42.611008,
      "explicit_kernel_sum_ms": 42.634944,
      "explicit_kernel_union_ms": 42.611008,
      "gpu_activity_kind": "cuda_kernel",
      "gpu_busy_fraction": 0.8722506638036942,
      "gpu_busy_residual_fraction": 0.1277493361963058,
      "gpu_busy_residual_ms": 6.240784000000005,
      "gpu_busy_union_ms": 42.611008,
      "gpu_memory_operation_count": 62,
      "gpu_memory_union_ms": 0.07312,
      "graph_envelope_count": 0,
      "graph_envelope_fraction": 0.0,
      "graph_envelope_residual_fraction": 1.0,
      "graph_envelope_residual_ms": 48.851792,
      "graph_envelope_sum_ms": 0.0,
      "graph_envelope_union_ms": 0.0,
      "interface_wall_ms": 48.851792,
      "kernel_count": 552,
      "kernel_fraction": 0.8722506638036942,
      "kernel_sum_ms": 42.634944,
      "kernel_union_ms": 42.611008,
      "launch_api_count": 17,
      "non_kernel_fraction": 0.1277493361963058,
      "non_kernel_residual_ms": 6.240784000000005,
      "nvtx_range": "step4d:block=005;pair=3;class=content;call=685;step=685",
      "pair": 3,
      "start_ns": 26505936
    },
    {
      "block": 5,
      "call_index": 686,
      "class": "pad",
      "closure_error_ms": 0.0,
      "cuda_api_count": 75,
      "cuda_api_ms": 42.98456,
      "current_step": 686,
      "end_ns": 74415312,
      "explicit_kernel_count": 552,
      "explicit_kernel_outside_graph_union_ms": 42.368448,
      "explicit_kernel_sum_ms": 42.392352,
      "explicit_kernel_union_ms": 42.368448,
      "gpu_activity_kind": "cuda_kernel",
      "gpu_busy_fraction": 0.8750143741400299,
      "gpu_busy_residual_fraction": 0.12498562585997008,
      "gpu_busy_residual_ms": 6.0518399999999986,
      "gpu_busy_union_ms": 42.368448,
      "gpu_memory_operation_count": 62,
      "gpu_memory_union_ms": 0.072096,
      "graph_envelope_count": 0,
      "graph_envelope_fraction": 0.0,
      "graph_envelope_residual_fraction": 1.0,
      "graph_envelope_residual_ms": 48.420288,
      "graph_envelope_sum_ms": 0.0,
      "graph_envelope_union_ms": 0.0,
      "interface_wall_ms": 48.420288,
      "kernel_count": 552,
      "kernel_fraction": 0.8750143741400299,
      "kernel_sum_ms": 42.392352,
      "kernel_union_ms": 42.368448,
      "launch_api_count": 17,
      "non_kernel_fraction": 0.12498562585997008,
      "non_kernel_residual_ms": 6.0518399999999986,
      "nvtx_range": "step4d:block=005;pair=3;class=pad;call=686;step=686",
      "pair": 3,
      "start_ns": 25995024
    },
    {
      "block": 6,
      "call_index": 45,
      "class": "content",
      "closure_error_ms": 0.0,
      "cuda_api_count": 75,
      "cuda_api_ms": 43.07616,
      "current_step": 45,
      "end_ns": 74943952,
      "explicit_kernel_count": 552,
      "explicit_kernel_outside_graph_union_ms": 42.445376,
      "explicit_kernel_sum_ms": 42.469024,
      "explicit_kernel_union_ms": 42.445376,
      "gpu_activity_kind": "cuda_kernel",
      "gpu_busy_fraction": 0.8699748304952736,
      "gpu_busy_residual_fraction": 0.13002516950472642,
      "gpu_busy_residual_ms": 6.343823999999998,
      "gpu_busy_union_ms": 42.445376,
      "gpu_memory_operation_count": 62,
      "gpu_memory_union_ms": 0.072736,
      "graph_envelope_count": 0,
      "graph_envelope_fraction": 0.0,
      "graph_envelope_residual_fraction": 1.0,
      "graph_envelope_residual_ms": 48.7892,
      "graph_envelope_sum_ms": 0.0,
      "graph_envelope_union_ms": 0.0,
      "interface_wall_ms": 48.7892,
      "kernel_count": 552,
      "kernel_fraction": 0.8699748304952736,
      "kernel_sum_ms": 42.469024,
      "kernel_union_ms": 42.445376,
      "launch_api_count": 17,
      "non_kernel_fraction": 0.13002516950472642,
      "non_kernel_residual_ms": 6.343823999999998,
      "nvtx_range": "step4d:block=006;pair=1;class=content;call=45;step=45",
      "pair": 1,
      "start_ns": 26154752
    },
    {
      "block": 6,
      "call_index": 46,
      "class": "pad",
      "closure_error_ms": 0.0,
      "cuda_api_count": 75,
      "cuda_api_ms": 42.975888,
      "current_step": 46,
      "end_ns": 74648544,
      "explicit_kernel_count": 552,
      "explicit_kernel_outside_graph_union_ms": 42.350528,
      "explicit_kernel_sum_ms": 42.374368,
      "explicit_kernel_union_ms": 42.350528,
      "gpu_activity_kind": "cuda_kernel",
      "gpu_busy_fraction": 0.8705611186720964,
      "gpu_busy_residual_fraction": 0.1294388813279036,
      "gpu_busy_residual_ms": 6.2968640000000065,
      "gpu_busy_union_ms": 42.350528,
      "gpu_memory_operation_count": 62,
      "gpu_memory_union_ms": 0.073696,
      "graph_envelope_count": 0,
      "graph_envelope_fraction": 0.0,
      "graph_envelope_residual_fraction": 1.0,
      "graph_envelope_residual_ms": 48.647392,
      "graph_envelope_sum_ms": 0.0,
      "graph_envelope_union_ms": 0.0,
      "interface_wall_ms": 48.647392,
      "kernel_count": 552,
      "kernel_fraction": 0.8705611186720964,
      "kernel_sum_ms": 42.374368,
      "kernel_union_ms": 42.350528,
      "launch_api_count": 17,
      "non_kernel_fraction": 0.1294388813279036,
      "non_kernel_residual_ms": 6.2968640000000065,
      "nvtx_range": "step4d:block=006;pair=1;class=pad;call=46;step=46",
      "pair": 1,
      "start_ns": 26001152
    },
    {
      "block": 6,
      "call_index": 326,
      "class": "content",
      "closure_error_ms": 0.0,
      "cuda_api_count": 75,
      "cuda_api_ms": 43.612096,
      "current_step": 326,
      "end_ns": 74608016,
      "explicit_kernel_count": 552,
      "explicit_kernel_outside_graph_union_ms": 43.002784,
      "explicit_kernel_sum_ms": 43.029728,
      "explicit_kernel_union_ms": 43.002784,
      "gpu_activity_kind": "cuda_kernel",
      "gpu_busy_fraction": 0.8783922948330999,
      "gpu_busy_residual_fraction": 0.12160770516690012,
      "gpu_busy_residual_ms": 5.953456000000003,
      "gpu_busy_union_ms": 43.002784,
      "gpu_memory_operation_count": 62,
      "gpu_memory_union_ms": 0.075264,
      "graph_envelope_count": 0,
      "graph_envelope_fraction": 0.0,
      "graph_envelope_residual_fraction": 1.0,
      "graph_envelope_residual_ms": 48.95624,
      "graph_envelope_sum_ms": 0.0,
      "graph_envelope_union_ms": 0.0,
      "interface_wall_ms": 48.95624,
      "kernel_count": 552,
      "kernel_fraction": 0.8783922948330999,
      "kernel_sum_ms": 43.029728,
      "kernel_union_ms": 43.002784,
      "launch_api_count": 17,
      "non_kernel_fraction": 0.12160770516690012,
      "non_kernel_residual_ms": 5.953456000000003,
      "nvtx_range": "step4d:block=006;pair=2;class=content;call=326;step=326",
      "pair": 2,
      "start_ns": 25651776
    },
    {
      "block": 6,
      "call_index": 327,
      "class": "pad",
      "closure_error_ms": 0.0,
      "cuda_api_count": 75,
      "cuda_api_ms": 43.936864,
      "current_step": 327,
      "end_ns": 73847360,
      "explicit_kernel_count": 552,
      "explicit_kernel_outside_graph_union_ms": 43.244864,
      "explicit_kernel_sum_ms": 43.274336,
      "explicit_kernel_union_ms": 43.244864,
      "gpu_activity_kind": "cuda_kernel",
      "gpu_busy_fraction": 0.8932949108243268,
      "gpu_busy_residual_fraction": 0.10670508917567323,
      "gpu_busy_residual_ms": 5.165647999999997,
      "gpu_busy_union_ms": 43.244864,
      "gpu_memory_operation_count": 62,
      "gpu_memory_union_ms": 0.093952,
      "graph_envelope_count": 0,
      "graph_envelope_fraction": 0.0,
      "graph_envelope_residual_fraction": 1.0,
      "graph_envelope_residual_ms": 48.410512,
      "graph_envelope_sum_ms": 0.0,
      "graph_envelope_union_ms": 0.0,
      "interface_wall_ms": 48.410512,
      "kernel_count": 552,
      "kernel_fraction": 0.8932949108243268,
      "kernel_sum_ms": 43.274336,
      "kernel_union_ms": 43.244864,
      "launch_api_count": 17,
      "non_kernel_fraction": 0.10670508917567323,
      "non_kernel_residual_ms": 5.165647999999997,
      "nvtx_range": "step4d:block=006;pair=2;class=pad;call=327;step=327",
      "pair": 2,
      "start_ns": 25436848
    },
    {
      "block": 6,
      "call_index": 685,
      "class": "content",
      "closure_error_ms": 0.0,
      "cuda_api_count": 75,
      "cuda_api_ms": 44.048896,
      "current_step": 685,
      "end_ns": 75521904,
      "explicit_kernel_count": 552,
      "explicit_kernel_outside_graph_union_ms": 43.43635,
      "explicit_kernel_sum_ms": 43.466974,
      "explicit_kernel_union_ms": 43.43635,
      "gpu_activity_kind": "cuda_kernel",
      "gpu_busy_fraction": 0.8724291706341695,
      "gpu_busy_residual_fraction": 0.12757082936583053,
      "gpu_busy_residual_ms": 6.351474000000003,
      "gpu_busy_union_ms": 43.43635,
      "gpu_memory_operation_count": 62,
      "gpu_memory_union_ms": 0.074848,
      "graph_envelope_count": 0,
      "graph_envelope_fraction": 0.0,
      "graph_envelope_residual_fraction": 1.0,
      "graph_envelope_residual_ms": 49.787824,
      "graph_envelope_sum_ms": 0.0,
      "graph_envelope_union_ms": 0.0,
      "interface_wall_ms": 49.787824,
      "kernel_count": 552,
      "kernel_fraction": 0.8724291706341695,
      "kernel_sum_ms": 43.466974,
      "kernel_union_ms": 43.43635,
      "launch_api_count": 17,
      "non_kernel_fraction": 0.12757082936583053,
      "non_kernel_residual_ms": 6.351474000000003,
      "nvtx_range": "step4d:block=006;pair=3;class=content;call=685;step=685",
      "pair": 3,
      "start_ns": 25734080
    },
    {
      "block": 6,
      "call_index": 686,
      "class": "pad",
      "closure_error_ms": 0.0,
      "cuda_api_count": 75,
      "cuda_api_ms": 43.550512,
      "current_step": 686,
      "end_ns": 74597840,
      "explicit_kernel_count": 552,
      "explicit_kernel_outside_graph_union_ms": 42.931648,
      "explicit_kernel_sum_ms": 42.955744,
      "explicit_kernel_union_ms": 42.931648,
      "gpu_activity_kind": "cuda_kernel",
      "gpu_busy_fraction": 0.8794928415759252,
      "gpu_busy_residual_fraction": 0.12050715842407478,
      "gpu_busy_residual_ms": 5.882447999999997,
      "gpu_busy_union_ms": 42.931648,
      "gpu_memory_operation_count": 62,
      "gpu_memory_union_ms": 0.080384,
      "graph_envelope_count": 0,
      "graph_envelope_fraction": 0.0,
      "graph_envelope_residual_fraction": 1.0,
      "graph_envelope_residual_ms": 48.814096,
      "graph_envelope_sum_ms": 0.0,
      "graph_envelope_union_ms": 0.0,
      "interface_wall_ms": 48.814096,
      "kernel_count": 552,
      "kernel_fraction": 0.8794928415759252,
      "kernel_sum_ms": 42.955744,
      "kernel_union_ms": 42.931648,
      "launch_api_count": 17,
      "non_kernel_fraction": 0.12050715842407478,
      "non_kernel_residual_ms": 5.882447999999997,
      "nvtx_range": "step4d:block=006;pair=3;class=pad;call=686;step=686",
      "pair": 3,
      "start_ns": 25783744
    },
    {
      "block": 7,
      "call_index": 45,
      "class": "content",
      "closure_error_ms": 0.0,
      "cuda_api_count": 75,
      "cuda_api_ms": 44.0456,
      "current_step": 45,
      "end_ns": 75920032,
      "explicit_kernel_count": 552,
      "explicit_kernel_outside_graph_union_ms": 43.469792,
      "explicit_kernel_sum_ms": 43.501312,
      "explicit_kernel_union_ms": 43.469792,
      "gpu_activity_kind": "cuda_kernel",
      "gpu_busy_fraction": 0.8722728050565497,
      "gpu_busy_residual_fraction": 0.1277271949434503,
      "gpu_busy_residual_ms": 6.365296000000001,
      "gpu_busy_union_ms": 43.469792,
      "gpu_memory_operation_count": 62,
      "gpu_memory_union_ms": 0.082944,
      "graph_envelope_count": 0,
      "graph_envelope_fraction": 0.0,
      "graph_envelope_residual_fraction": 1.0,
      "graph_envelope_residual_ms": 49.835088,
      "graph_envelope_sum_ms": 0.0,
      "graph_envelope_union_ms": 0.0,
      "interface_wall_ms": 49.835088,
      "kernel_count": 552,
      "kernel_fraction": 0.8722728050565497,
      "kernel_sum_ms": 43.501312,
      "kernel_union_ms": 43.469792,
      "launch_api_count": 17,
      "non_kernel_fraction": 0.1277271949434503,
      "non_kernel_residual_ms": 6.365296000000001,
      "nvtx_range": "step4d:block=007;pair=1;class=content;call=45;step=45",
      "pair": 1,
      "start_ns": 26084944
    },
    {
      "block": 7,
      "call_index": 46,
      "class": "pad",
      "closure_error_ms": 0.0,
      "cuda_api_count": 75,
      "cuda_api_ms": 42.990432,
      "current_step": 46,
      "end_ns": 74605664,
      "explicit_kernel_count": 552,
      "explicit_kernel_outside_graph_union_ms": 42.35936,
      "explicit_kernel_sum_ms": 42.383264,
      "explicit_kernel_union_ms": 42.35936,
      "gpu_activity_kind": "cuda_kernel",
      "gpu_busy_fraction": 0.8645650967756051,
      "gpu_busy_residual_fraction": 0.1354349032243949,
      "gpu_busy_residual_ms": 6.635632000000001,
      "gpu_busy_union_ms": 42.35936,
      "gpu_memory_operation_count": 62,
      "gpu_memory_union_ms": 0.0736,
      "graph_envelope_count": 0,
      "graph_envelope_fraction": 0.0,
      "graph_envelope_residual_fraction": 1.0,
      "graph_envelope_residual_ms": 48.994992,
      "graph_envelope_sum_ms": 0.0,
      "graph_envelope_union_ms": 0.0,
      "interface_wall_ms": 48.994992,
      "kernel_count": 552,
      "kernel_fraction": 0.8645650967756051,
      "kernel_sum_ms": 42.383264,
      "kernel_union_ms": 42.35936,
      "launch_api_count": 17,
      "non_kernel_fraction": 0.1354349032243949,
      "non_kernel_residual_ms": 6.635632000000001,
      "nvtx_range": "step4d:block=007;pair=1;class=pad;call=46;step=46",
      "pair": 1,
      "start_ns": 25610672
    },
    {
      "block": 7,
      "call_index": 326,
      "class": "content",
      "closure_error_ms": 0.0,
      "cuda_api_count": 75,
      "cuda_api_ms": 43.57232,
      "current_step": 326,
      "end_ns": 75070624,
      "explicit_kernel_count": 552,
      "explicit_kernel_outside_graph_union_ms": 42.97744,
      "explicit_kernel_sum_ms": 43.005344,
      "explicit_kernel_union_ms": 42.97744,
      "gpu_activity_kind": "cuda_kernel",
      "gpu_busy_fraction": 0.8736794822630467,
      "gpu_busy_residual_fraction": 0.1263205177369533,
      "gpu_busy_residual_ms": 6.213872000000002,
      "gpu_busy_union_ms": 42.97744,
      "gpu_memory_operation_count": 62,
      "gpu_memory_union_ms": 0.073408,
      "graph_envelope_count": 0,
      "graph_envelope_fraction": 0.0,
      "graph_envelope_residual_fraction": 1.0,
      "graph_envelope_residual_ms": 49.191312,
      "graph_envelope_sum_ms": 0.0,
      "graph_envelope_union_ms": 0.0,
      "interface_wall_ms": 49.191312,
      "kernel_count": 552,
      "kernel_fraction": 0.8736794822630467,
      "kernel_sum_ms": 43.005344,
      "kernel_union_ms": 42.97744,
      "launch_api_count": 17,
      "non_kernel_fraction": 0.1263205177369533,
      "non_kernel_residual_ms": 6.213872000000002,
      "nvtx_range": "step4d:block=007;pair=2;class=content;call=326;step=326",
      "pair": 2,
      "start_ns": 25879312
    },
    {
      "block": 7,
      "call_index": 327,
      "class": "pad",
      "closure_error_ms": 0.0,
      "cuda_api_count": 75,
      "cuda_api_ms": 43.165488,
      "current_step": 327,
      "end_ns": 73934304,
      "explicit_kernel_count": 552,
      "explicit_kernel_outside_graph_union_ms": 42.513248,
      "explicit_kernel_sum_ms": 42.537536,
      "explicit_kernel_union_ms": 42.513248,
      "gpu_activity_kind": "cuda_kernel",
      "gpu_busy_fraction": 0.8762163864472396,
      "gpu_busy_residual_fraction": 0.12378361355276035,
      "gpu_busy_residual_ms": 6.005872000000004,
      "gpu_busy_union_ms": 42.513248,
      "gpu_memory_operation_count": 62,
      "gpu_memory_union_ms": 0.106016,
      "graph_envelope_count": 0,
      "graph_envelope_fraction": 0.0,
      "graph_envelope_residual_fraction": 1.0,
      "graph_envelope_residual_ms": 48.51912,
      "graph_envelope_sum_ms": 0.0,
      "graph_envelope_union_ms": 0.0,
      "interface_wall_ms": 48.51912,
      "kernel_count": 552,
      "kernel_fraction": 0.8762163864472396,
      "kernel_sum_ms": 42.537536,
      "kernel_union_ms": 42.513248,
      "launch_api_count": 17,
      "non_kernel_fraction": 0.12378361355276035,
      "non_kernel_residual_ms": 6.005872000000004,
      "nvtx_range": "step4d:block=007;pair=2;class=pad;call=327;step=327",
      "pair": 2,
      "start_ns": 25415184
    },
    {
      "block": 7,
      "call_index": 685,
      "class": "content",
      "closure_error_ms": 0.0,
      "cuda_api_count": 75,
      "cuda_api_ms": 44.431856,
      "current_step": 685,
      "end_ns": 76170656,
      "explicit_kernel_count": 552,
      "explicit_kernel_outside_graph_union_ms": 43.80032,
      "explicit_kernel_sum_ms": 43.827552,
      "explicit_kernel_union_ms": 43.80032,
      "gpu_activity_kind": "cuda_kernel",
      "gpu_busy_fraction": 0.8738777735640417,
      "gpu_busy_residual_fraction": 0.12612222643595827,
      "gpu_busy_residual_ms": 6.321472,
      "gpu_busy_union_ms": 43.80032,
      "gpu_memory_operation_count": 62,
      "gpu_memory_union_ms": 0.088832,
      "graph_envelope_count": 0,
      "graph_envelope_fraction": 0.0,
      "graph_envelope_residual_fraction": 1.0,
      "graph_envelope_residual_ms": 50.121792,
      "graph_envelope_sum_ms": 0.0,
      "graph_envelope_union_ms": 0.0,
      "interface_wall_ms": 50.121792,
      "kernel_count": 552,
      "kernel_fraction": 0.8738777735640417,
      "kernel_sum_ms": 43.827552,
      "kernel_union_ms": 43.80032,
      "launch_api_count": 17,
      "non_kernel_fraction": 0.12612222643595827,
      "non_kernel_residual_ms": 6.321472,
      "nvtx_range": "step4d:block=007;pair=3;class=content;call=685;step=685",
      "pair": 3,
      "start_ns": 26048864
    },
    {
      "block": 7,
      "call_index": 686,
      "class": "pad",
      "closure_error_ms": 0.0,
      "cuda_api_count": 75,
      "cuda_api_ms": 43.6636,
      "current_step": 686,
      "end_ns": 74490304,
      "explicit_kernel_count": 552,
      "explicit_kernel_outside_graph_union_ms": 43.052415,
      "explicit_kernel_sum_ms": 43.077407,
      "explicit_kernel_union_ms": 43.052415,
      "gpu_activity_kind": "cuda_kernel",
      "gpu_busy_fraction": 0.875777618422089,
      "gpu_busy_residual_fraction": 0.12422238157791099,
      "gpu_busy_residual_ms": 6.1066569999999984,
      "gpu_busy_union_ms": 43.052415,
      "gpu_memory_operation_count": 62,
      "gpu_memory_union_ms": 0.084128,
      "graph_envelope_count": 0,
      "graph_envelope_fraction": 0.0,
      "graph_envelope_residual_fraction": 1.0,
      "graph_envelope_residual_ms": 49.159072,
      "graph_envelope_sum_ms": 0.0,
      "graph_envelope_union_ms": 0.0,
      "interface_wall_ms": 49.159072,
      "kernel_count": 552,
      "kernel_fraction": 0.875777618422089,
      "kernel_sum_ms": 43.077407,
      "kernel_union_ms": 43.052415,
      "launch_api_count": 17,
      "non_kernel_fraction": 0.12422238157791099,
      "non_kernel_residual_ms": 6.1066569999999984,
      "nvtx_range": "step4d:block=007;pair=3;class=pad;call=686;step=686",
      "pair": 3,
      "start_ns": 25331232
    },
    {
      "block": 8,
      "call_index": 45,
      "class": "content",
      "closure_error_ms": 0.0,
      "cuda_api_count": 75,
      "cuda_api_ms": 43.494512,
      "current_step": 45,
      "end_ns": 74306080,
      "explicit_kernel_count": 552,
      "explicit_kernel_outside_graph_union_ms": 42.92944,
      "explicit_kernel_sum_ms": 42.956288,
      "explicit_kernel_union_ms": 42.92944,
      "gpu_activity_kind": "cuda_kernel",
      "gpu_busy_fraction": 0.8863431099788381,
      "gpu_busy_residual_fraction": 0.11365689002116186,
      "gpu_busy_residual_ms": 5.504896000000002,
      "gpu_busy_union_ms": 42.92944,
      "gpu_memory_operation_count": 62,
      "gpu_memory_union_ms": 0.074944,
      "graph_envelope_count": 0,
      "graph_envelope_fraction": 0.0,
      "graph_envelope_residual_fraction": 1.0,
      "graph_envelope_residual_ms": 48.434336,
      "graph_envelope_sum_ms": 0.0,
      "graph_envelope_union_ms": 0.0,
      "interface_wall_ms": 48.434336,
      "kernel_count": 552,
      "kernel_fraction": 0.8863431099788381,
      "kernel_sum_ms": 42.956288,
      "kernel_union_ms": 42.92944,
      "launch_api_count": 17,
      "non_kernel_fraction": 0.11365689002116186,
      "non_kernel_residual_ms": 5.504896000000002,
      "nvtx_range": "step4d:block=008;pair=1;class=content;call=45;step=45",
      "pair": 1,
      "start_ns": 25871744
    },
    {
      "block": 8,
      "call_index": 46,
      "class": "pad",
      "closure_error_ms": 0.0,
      "cuda_api_count": 75,
      "cuda_api_ms": 43.116272,
      "current_step": 46,
      "end_ns": 73877440,
      "explicit_kernel_count": 552,
      "explicit_kernel_outside_graph_union_ms": 42.464768,
      "explicit_kernel_sum_ms": 42.488896,
      "explicit_kernel_union_ms": 42.464768,
      "gpu_activity_kind": "cuda_kernel",
      "gpu_busy_fraction": 0.8851231629607668,
      "gpu_busy_residual_fraction": 0.11487683703923324,
      "gpu_busy_residual_ms": 5.511344000000001,
      "gpu_busy_union_ms": 42.464768,
      "gpu_memory_operation_count": 62,
      "gpu_memory_union_ms": 0.09056,
      "graph_envelope_count": 0,
      "graph_envelope_fraction": 0.0,
      "graph_envelope_residual_fraction": 1.0,
      "graph_envelope_residual_ms": 47.976112,
      "graph_envelope_sum_ms": 0.0,
      "graph_envelope_union_ms": 0.0,
      "interface_wall_ms": 47.976112,
      "kernel_count": 552,
      "kernel_fraction": 0.8851231629607668,
      "kernel_sum_ms": 42.488896,
      "kernel_union_ms": 42.464768,
      "launch_api_count": 17,
      "non_kernel_fraction": 0.11487683703923324,
      "non_kernel_residual_ms": 5.511344000000001,
      "nvtx_range": "step4d:block=008;pair=1;class=pad;call=46;step=46",
      "pair": 1,
      "start_ns": 25901328
    },
    {
      "block": 8,
      "call_index": 326,
      "class": "content",
      "closure_error_ms": 0.0,
      "cuda_api_count": 75,
      "cuda_api_ms": 43.675216,
      "current_step": 326,
      "end_ns": 75494160,
      "explicit_kernel_count": 552,
      "explicit_kernel_outside_graph_union_ms": 42.85024,
      "explicit_kernel_sum_ms": 42.87424,
      "explicit_kernel_union_ms": 42.85024,
      "gpu_activity_kind": "cuda_kernel",
      "gpu_busy_fraction": 0.8676706237895202,
      "gpu_busy_residual_fraction": 0.1323293762104798,
      "gpu_busy_residual_ms": 6.535136000000001,
      "gpu_busy_union_ms": 42.85024,
      "gpu_memory_operation_count": 62,
      "gpu_memory_union_ms": 0.07232,
      "graph_envelope_count": 0,
      "graph_envelope_fraction": 0.0,
      "graph_envelope_residual_fraction": 1.0,
      "graph_envelope_residual_ms": 49.385376,
      "graph_envelope_sum_ms": 0.0,
      "graph_envelope_union_ms": 0.0,
      "interface_wall_ms": 49.385376,
      "kernel_count": 552,
      "kernel_fraction": 0.8676706237895202,
      "kernel_sum_ms": 42.87424,
      "kernel_union_ms": 42.85024,
      "launch_api_count": 17,
      "non_kernel_fraction": 0.1323293762104798,
      "non_kernel_residual_ms": 6.535136000000001,
      "nvtx_range": "step4d:block=008;pair=2;class=content;call=326;step=326",
      "pair": 2,
      "start_ns": 26108784
    },
    {
      "block": 8,
      "call_index": 327,
      "class": "pad",
      "closure_error_ms": 0.0,
      "cuda_api_count": 75,
      "cuda_api_ms": 44.07976,
      "current_step": 327,
      "end_ns": 74185712,
      "explicit_kernel_count": 552,
      "explicit_kernel_outside_graph_union_ms": 43.417888,
      "explicit_kernel_sum_ms": 43.44464,
      "explicit_kernel_union_ms": 43.417888,
      "gpu_activity_kind": "cuda_kernel",
      "gpu_busy_fraction": 0.88084003848456,
      "gpu_busy_residual_fraction": 0.11915996151543995,
      "gpu_busy_residual_ms": 5.873567999999999,
      "gpu_busy_union_ms": 43.417888,
      "gpu_memory_operation_count": 62,
      "gpu_memory_union_ms": 0.073504,
      "graph_envelope_count": 0,
      "graph_envelope_fraction": 0.0,
      "graph_envelope_residual_fraction": 1.0,
      "graph_envelope_residual_ms": 49.291456,
      "graph_envelope_sum_ms": 0.0,
      "graph_envelope_union_ms": 0.0,
      "interface_wall_ms": 49.291456,
      "kernel_count": 552,
      "kernel_fraction": 0.88084003848456,
      "kernel_sum_ms": 43.44464,
      "kernel_union_ms": 43.417888,
      "launch_api_count": 17,
      "non_kernel_fraction": 0.11915996151543995,
      "non_kernel_residual_ms": 5.873567999999999,
      "nvtx_range": "step4d:block=008;pair=2;class=pad;call=327;step=327",
      "pair": 2,
      "start_ns": 24894256
    },
    {
      "block": 8,
      "call_index": 685,
      "class": "content",
      "closure_error_ms": 0.0,
      "cuda_api_count": 75,
      "cuda_api_ms": 44.217104,
      "current_step": 685,
      "end_ns": 75707760,
      "explicit_kernel_count": 552,
      "explicit_kernel_outside_graph_union_ms": 43.600736,
      "explicit_kernel_sum_ms": 43.647968,
      "explicit_kernel_union_ms": 43.600736,
      "gpu_activity_kind": "cuda_kernel",
      "gpu_busy_fraction": 0.8776861170436681,
      "gpu_busy_residual_fraction": 0.12231388295633194,
      "gpu_busy_residual_ms": 6.076176000000004,
      "gpu_busy_union_ms": 43.600736,
      "gpu_memory_operation_count": 62,
      "gpu_memory_union_ms": 0.085184,
      "graph_envelope_count": 0,
      "graph_envelope_fraction": 0.0,
      "graph_envelope_residual_fraction": 1.0,
      "graph_envelope_residual_ms": 49.676912,
      "graph_envelope_sum_ms": 0.0,
      "graph_envelope_union_ms": 0.0,
      "interface_wall_ms": 49.676912,
      "kernel_count": 552,
      "kernel_fraction": 0.8776861170436681,
      "kernel_sum_ms": 43.647968,
      "kernel_union_ms": 43.600736,
      "launch_api_count": 17,
      "non_kernel_fraction": 0.12231388295633194,
      "non_kernel_residual_ms": 6.076176000000004,
      "nvtx_range": "step4d:block=008;pair=3;class=content;call=685;step=685",
      "pair": 3,
      "start_ns": 26030848
    },
    {
      "block": 8,
      "call_index": 686,
      "class": "pad",
      "closure_error_ms": 0.0,
      "cuda_api_count": 75,
      "cuda_api_ms": 44.498784,
      "current_step": 686,
      "end_ns": 76186864,
      "explicit_kernel_count": 552,
      "explicit_kernel_outside_graph_union_ms": 43.610976,
      "explicit_kernel_sum_ms": 43.638272,
      "explicit_kernel_union_ms": 43.610976,
      "gpu_activity_kind": "cuda_kernel",
      "gpu_busy_fraction": 0.8658001315049696,
      "gpu_busy_residual_fraction": 0.1341998684950304,
      "gpu_busy_residual_ms": 6.759743999999998,
      "gpu_busy_union_ms": 43.610976,
      "gpu_memory_operation_count": 62,
      "gpu_memory_union_ms": 0.082144,
      "graph_envelope_count": 0,
      "graph_envelope_fraction": 0.0,
      "graph_envelope_residual_fraction": 1.0,
      "graph_envelope_residual_ms": 50.37072,
      "graph_envelope_sum_ms": 0.0,
      "graph_envelope_union_ms": 0.0,
      "interface_wall_ms": 50.37072,
      "kernel_count": 552,
      "kernel_fraction": 0.8658001315049696,
      "kernel_sum_ms": 43.638272,
      "kernel_union_ms": 43.610976,
      "launch_api_count": 17,
      "non_kernel_fraction": 0.1341998684950304,
      "non_kernel_residual_ms": 6.759743999999998,
      "nvtx_range": "step4d:block=008;pair=3;class=pad;call=686;step=686",
      "pair": 3,
      "start_ns": 25816144
    },
    {
      "block": 9,
      "call_index": 45,
      "class": "content",
      "closure_error_ms": 0.0,
      "cuda_api_count": 75,
      "cuda_api_ms": 43.804304,
      "current_step": 45,
      "end_ns": 76380928,
      "explicit_kernel_count": 552,
      "explicit_kernel_outside_graph_union_ms": 42.98464,
      "explicit_kernel_sum_ms": 43.013376,
      "explicit_kernel_union_ms": 42.98464,
      "gpu_activity_kind": "cuda_kernel",
      "gpu_busy_fraction": 0.8651341477355978,
      "gpu_busy_residual_fraction": 0.13486585226440218,
      "gpu_busy_residual_ms": 6.700879999999998,
      "gpu_busy_union_ms": 42.98464,
      "gpu_memory_operation_count": 62,
      "gpu_memory_union_ms": 0.078976,
      "graph_envelope_count": 0,
      "graph_envelope_fraction": 0.0,
      "graph_envelope_residual_fraction": 1.0,
      "graph_envelope_residual_ms": 49.68552,
      "graph_envelope_sum_ms": 0.0,
      "graph_envelope_union_ms": 0.0,
      "interface_wall_ms": 49.68552,
      "kernel_count": 552,
      "kernel_fraction": 0.8651341477355978,
      "kernel_sum_ms": 43.013376,
      "kernel_union_ms": 42.98464,
      "launch_api_count": 17,
      "non_kernel_fraction": 0.13486585226440218,
      "non_kernel_residual_ms": 6.700879999999998,
      "nvtx_range": "step4d:block=009;pair=1;class=content;call=45;step=45",
      "pair": 1,
      "start_ns": 26695408
    },
    {
      "block": 9,
      "call_index": 46,
      "class": "pad",
      "closure_error_ms": 0.0,
      "cuda_api_count": 75,
      "cuda_api_ms": 43.304656,
      "current_step": 46,
      "end_ns": 74668304,
      "explicit_kernel_count": 552,
      "explicit_kernel_outside_graph_union_ms": 42.515456,
      "explicit_kernel_sum_ms": 42.539296,
      "explicit_kernel_union_ms": 42.515456,
      "gpu_activity_kind": "cuda_kernel",
      "gpu_busy_fraction": 0.8786741266880944,
      "gpu_busy_residual_fraction": 0.12132587331190559,
      "gpu_busy_residual_ms": 5.870463999999998,
      "gpu_busy_union_ms": 42.515456,
      "gpu_memory_operation_count": 62,
      "gpu_memory_union_ms": 0.081696,
      "graph_envelope_count": 0,
      "graph_envelope_fraction": 0.0,
      "graph_envelope_residual_fraction": 1.0,
      "graph_envelope_residual_ms": 48.38592,
      "graph_envelope_sum_ms": 0.0,
      "graph_envelope_union_ms": 0.0,
      "interface_wall_ms": 48.38592,
      "kernel_count": 552,
      "kernel_fraction": 0.8786741266880944,
      "kernel_sum_ms": 42.539296,
      "kernel_union_ms": 42.515456,
      "launch_api_count": 17,
      "non_kernel_fraction": 0.12132587331190559,
      "non_kernel_residual_ms": 5.870463999999998,
      "nvtx_range": "step4d:block=009;pair=1;class=pad;call=46;step=46",
      "pair": 1,
      "start_ns": 26282384
    },
    {
      "block": 9,
      "call_index": 326,
      "class": "content",
      "closure_error_ms": 0.0,
      "cuda_api_count": 75,
      "cuda_api_ms": 43.37848,
      "current_step": 326,
      "end_ns": 75200960,
      "explicit_kernel_count": 552,
      "explicit_kernel_outside_graph_union_ms": 42.750784,
      "explicit_kernel_sum_ms": 42.775776,
      "explicit_kernel_union_ms": 42.750784,
      "gpu_activity_kind": "cuda_kernel",
      "gpu_busy_fraction": 0.8739143219072545,
      "gpu_busy_residual_fraction": 0.1260856780927455,
      "gpu_busy_residual_ms": 6.167952,
      "gpu_busy_union_ms": 42.750784,
      "gpu_memory_operation_count": 62,
      "gpu_memory_union_ms": 0.079872,
      "graph_envelope_count": 0,
      "graph_envelope_fraction": 0.0,
      "graph_envelope_residual_fraction": 1.0,
      "graph_envelope_residual_ms": 48.918736,
      "graph_envelope_sum_ms": 0.0,
      "graph_envelope_union_ms": 0.0,
      "interface_wall_ms": 48.918736,
      "kernel_count": 552,
      "kernel_fraction": 0.8739143219072545,
      "kernel_sum_ms": 42.775776,
      "kernel_union_ms": 42.750784,
      "launch_api_count": 17,
      "non_kernel_fraction": 0.1260856780927455,
      "non_kernel_residual_ms": 6.167952,
      "nvtx_range": "step4d:block=009;pair=2;class=content;call=326;step=326",
      "pair": 2,
      "start_ns": 26282224
    },
    {
      "block": 9,
      "call_index": 327,
      "class": "pad",
      "closure_error_ms": 0.0,
      "cuda_api_count": 75,
      "cuda_api_ms": 43.4668,
      "current_step": 327,
      "end_ns": 73477488,
      "explicit_kernel_count": 552,
      "explicit_kernel_outside_graph_union_ms": 42.851743,
      "explicit_kernel_sum_ms": 42.879647,
      "explicit_kernel_union_ms": 42.851743,
      "gpu_activity_kind": "cuda_kernel",
      "gpu_busy_fraction": 0.8967609391595157,
      "gpu_busy_residual_fraction": 0.10323906084048429,
      "gpu_busy_residual_ms": 4.933281000000001,
      "gpu_busy_union_ms": 42.851743,
      "gpu_memory_operation_count": 62,
      "gpu_memory_union_ms": 0.076256,
      "graph_envelope_count": 0,
      "graph_envelope_fraction": 0.0,
      "graph_envelope_residual_fraction": 1.0,
      "graph_envelope_residual_ms": 47.785024,
      "graph_envelope_sum_ms": 0.0,
      "graph_envelope_union_ms": 0.0,
      "interface_wall_ms": 47.785024,
      "kernel_count": 552,
      "kernel_fraction": 0.8967609391595157,
      "kernel_sum_ms": 42.879647,
      "kernel_union_ms": 42.851743,
      "launch_api_count": 17,
      "non_kernel_fraction": 0.10323906084048429,
      "non_kernel_residual_ms": 4.933281000000001,
      "nvtx_range": "step4d:block=009;pair=2;class=pad;call=327;step=327",
      "pair": 2,
      "start_ns": 25692464
    },
    {
      "block": 9,
      "call_index": 685,
      "class": "content",
      "closure_error_ms": 0.0,
      "cuda_api_count": 75,
      "cuda_api_ms": 43.024208,
      "current_step": 685,
      "end_ns": 84222976,
      "explicit_kernel_count": 552,
      "explicit_kernel_outside_graph_union_ms": 42.419616,
      "explicit_kernel_sum_ms": 42.443456,
      "explicit_kernel_union_ms": 42.419616,
      "gpu_activity_kind": "cuda_kernel",
      "gpu_busy_fraction": 0.8691014073915511,
      "gpu_busy_residual_fraction": 0.13089859260844894,
      "gpu_busy_residual_ms": 6.3889759999999995,
      "gpu_busy_union_ms": 42.419616,
      "gpu_memory_operation_count": 62,
      "gpu_memory_union_ms": 0.072096,
      "graph_envelope_count": 0,
      "graph_envelope_fraction": 0.0,
      "graph_envelope_residual_fraction": 1.0,
      "graph_envelope_residual_ms": 48.808592,
      "graph_envelope_sum_ms": 0.0,
      "graph_envelope_union_ms": 0.0,
      "interface_wall_ms": 48.808592,
      "kernel_count": 552,
      "kernel_fraction": 0.8691014073915511,
      "kernel_sum_ms": 42.443456,
      "kernel_union_ms": 42.419616,
      "launch_api_count": 17,
      "non_kernel_fraction": 0.13089859260844894,
      "non_kernel_residual_ms": 6.3889759999999995,
      "nvtx_range": "step4d:block=009;pair=3;class=content;call=685;step=685",
      "pair": 3,
      "start_ns": 35414384
    },
    {
      "block": 9,
      "call_index": 686,
      "class": "pad",
      "closure_error_ms": 0.0,
      "cuda_api_count": 75,
      "cuda_api_ms": 44.58856,
      "current_step": 686,
      "end_ns": 77334064,
      "explicit_kernel_count": 552,
      "explicit_kernel_outside_graph_union_ms": 43.658208,
      "explicit_kernel_sum_ms": 43.682272,
      "explicit_kernel_union_ms": 43.658208,
      "gpu_activity_kind": "cuda_kernel",
      "gpu_busy_fraction": 0.8584672015101463,
      "gpu_busy_residual_fraction": 0.14153279848985367,
      "gpu_busy_residual_ms": 7.197792,
      "gpu_busy_union_ms": 43.658208,
      "gpu_memory_operation_count": 62,
      "gpu_memory_union_ms": 0.088768,
      "graph_envelope_count": 0,
      "graph_envelope_fraction": 0.0,
      "graph_envelope_residual_fraction": 1.0,
      "graph_envelope_residual_ms": 50.856,
      "graph_envelope_sum_ms": 0.0,
      "graph_envelope_union_ms": 0.0,
      "interface_wall_ms": 50.856,
      "kernel_count": 552,
      "kernel_fraction": 0.8584672015101463,
      "kernel_sum_ms": 43.682272,
      "kernel_union_ms": 43.658208,
      "launch_api_count": 17,
      "non_kernel_fraction": 0.14153279848985367,
      "non_kernel_residual_ms": 7.197792,
      "nvtx_range": "step4d:block=009;pair=3;class=pad;call=686;step=686",
      "pair": 3,
      "start_ns": 26478064
    }
  ],
  "schema": 1,
  "source_sqlites": [
    {
      "gpu_activity_tables": [
        "CUPTI_ACTIVITY_KIND_KERNEL"
      ],
      "path": "/home/khkramer/src/nemotron-voicechat-dgx-spark/reports/attnw8-qualification/data/g2/sqlite/g2-profile.1.sqlite",
      "ranges": 1,
      "sha256": "7eb0b1d67053052c540a6e0438e1d7da15d18b33a5222b1959293196ba424d06"
    },
    {
      "gpu_activity_tables": [
        "CUPTI_ACTIVITY_KIND_KERNEL"
      ],
      "path": "/home/khkramer/src/nemotron-voicechat-dgx-spark/reports/attnw8-qualification/data/g2/sqlite/g2-profile.10.sqlite",
      "ranges": 1,
      "sha256": "b7ca33a1fcb5b715b7b2b454ed8de0fb129d4ed188d2bdb899ddf8b0fa21c9c4"
    },
    {
      "gpu_activity_tables": [
        "CUPTI_ACTIVITY_KIND_KERNEL"
      ],
      "path": "/home/khkramer/src/nemotron-voicechat-dgx-spark/reports/attnw8-qualification/data/g2/sqlite/g2-profile.11.sqlite",
      "ranges": 1,
      "sha256": "36d1e34d4c67e7275acd9950a8ec63dc3da7f88893d9279d353c2612ac55a047"
    },
    {
      "gpu_activity_tables": [
        "CUPTI_ACTIVITY_KIND_KERNEL"
      ],
      "path": "/home/khkramer/src/nemotron-voicechat-dgx-spark/reports/attnw8-qualification/data/g2/sqlite/g2-profile.12.sqlite",
      "ranges": 1,
      "sha256": "8b7b9ea0bfa2e7b86cd52131cfcd77d9b7373938d6f58edd1ce9fdd442f9bd14"
    },
    {
      "gpu_activity_tables": [
        "CUPTI_ACTIVITY_KIND_KERNEL"
      ],
      "path": "/home/khkramer/src/nemotron-voicechat-dgx-spark/reports/attnw8-qualification/data/g2/sqlite/g2-profile.13.sqlite",
      "ranges": 1,
      "sha256": "b8173a813c32e728ce095444b5b83790bd21de855886ad398a5eea0652ef7ca7"
    },
    {
      "gpu_activity_tables": [
        "CUPTI_ACTIVITY_KIND_KERNEL"
      ],
      "path": "/home/khkramer/src/nemotron-voicechat-dgx-spark/reports/attnw8-qualification/data/g2/sqlite/g2-profile.14.sqlite",
      "ranges": 1,
      "sha256": "6ed0334044786fa5c4fe869be6ecc49bbecf12fbd92ba95cd6ebe49d5ffcb8b6"
    },
    {
      "gpu_activity_tables": [
        "CUPTI_ACTIVITY_KIND_KERNEL"
      ],
      "path": "/home/khkramer/src/nemotron-voicechat-dgx-spark/reports/attnw8-qualification/data/g2/sqlite/g2-profile.15.sqlite",
      "ranges": 1,
      "sha256": "270f09147498695f1fe10f1e9906fb42b68492c9986f923a3dfdd942434ce17d"
    },
    {
      "gpu_activity_tables": [
        "CUPTI_ACTIVITY_KIND_KERNEL"
      ],
      "path": "/home/khkramer/src/nemotron-voicechat-dgx-spark/reports/attnw8-qualification/data/g2/sqlite/g2-profile.16.sqlite",
      "ranges": 1,
      "sha256": "41a383b426a188308a70dc885c0c49e6d05fbba22b2ba9f9475d5cb8f3274c8d"
    },
    {
      "gpu_activity_tables": [
        "CUPTI_ACTIVITY_KIND_KERNEL"
      ],
      "path": "/home/khkramer/src/nemotron-voicechat-dgx-spark/reports/attnw8-qualification/data/g2/sqlite/g2-profile.17.sqlite",
      "ranges": 1,
      "sha256": "89c52b9e8551f9ff55533fc13c87d23a165c164863a298a6b0fb7c21e4fdea41"
    },
    {
      "gpu_activity_tables": [
        "CUPTI_ACTIVITY_KIND_KERNEL"
      ],
      "path": "/home/khkramer/src/nemotron-voicechat-dgx-spark/reports/attnw8-qualification/data/g2/sqlite/g2-profile.18.sqlite",
      "ranges": 1,
      "sha256": "e2249e04e792208e272946dcee12abcb9e5433210d3800153ad9f54524463902"
    },
    {
      "gpu_activity_tables": [
        "CUPTI_ACTIVITY_KIND_KERNEL"
      ],
      "path": "/home/khkramer/src/nemotron-voicechat-dgx-spark/reports/attnw8-qualification/data/g2/sqlite/g2-profile.19.sqlite",
      "ranges": 1,
      "sha256": "36ad60bfb53d3611308a5ef11929d3ef94828e822da341aaa21bcb134c57d7e4"
    },
    {
      "gpu_activity_tables": [
        "CUPTI_ACTIVITY_KIND_KERNEL"
      ],
      "path": "/home/khkramer/src/nemotron-voicechat-dgx-spark/reports/attnw8-qualification/data/g2/sqlite/g2-profile.2.sqlite",
      "ranges": 1,
      "sha256": "0f6b2bdddc6a678b4847e1f2f3373f063c00874c1ff4324cab62ce0b9c104838"
    },
    {
      "gpu_activity_tables": [
        "CUPTI_ACTIVITY_KIND_KERNEL"
      ],
      "path": "/home/khkramer/src/nemotron-voicechat-dgx-spark/reports/attnw8-qualification/data/g2/sqlite/g2-profile.20.sqlite",
      "ranges": 1,
      "sha256": "e75858c23626fc7422f93235535262a2b8d3ebc12774727dc977951e76998395"
    },
    {
      "gpu_activity_tables": [
        "CUPTI_ACTIVITY_KIND_KERNEL"
      ],
      "path": "/home/khkramer/src/nemotron-voicechat-dgx-spark/reports/attnw8-qualification/data/g2/sqlite/g2-profile.21.sqlite",
      "ranges": 1,
      "sha256": "514ecea1e92eb964fc3205a4c1ad77bedd0bbefb0cf54c4812707e2fbc6501b1"
    },
    {
      "gpu_activity_tables": [
        "CUPTI_ACTIVITY_KIND_KERNEL"
      ],
      "path": "/home/khkramer/src/nemotron-voicechat-dgx-spark/reports/attnw8-qualification/data/g2/sqlite/g2-profile.22.sqlite",
      "ranges": 1,
      "sha256": "25dffc4f689d6575d72316e77f3b6e92210c05635b674924cc8df5cdaab51992"
    },
    {
      "gpu_activity_tables": [
        "CUPTI_ACTIVITY_KIND_KERNEL"
      ],
      "path": "/home/khkramer/src/nemotron-voicechat-dgx-spark/reports/attnw8-qualification/data/g2/sqlite/g2-profile.23.sqlite",
      "ranges": 1,
      "sha256": "6c1040f8f30e0b639e99a369be728e8e14bc1f5aff17e930c6f1376063f490f9"
    },
    {
      "gpu_activity_tables": [
        "CUPTI_ACTIVITY_KIND_KERNEL"
      ],
      "path": "/home/khkramer/src/nemotron-voicechat-dgx-spark/reports/attnw8-qualification/data/g2/sqlite/g2-profile.24.sqlite",
      "ranges": 1,
      "sha256": "9ef432f402159c15673689e4bf063d9d4edfae78afa8bf914408028966fbee72"
    },
    {
      "gpu_activity_tables": [
        "CUPTI_ACTIVITY_KIND_KERNEL"
      ],
      "path": "/home/khkramer/src/nemotron-voicechat-dgx-spark/reports/attnw8-qualification/data/g2/sqlite/g2-profile.25.sqlite",
      "ranges": 1,
      "sha256": "136c7c6e2fdf9587a481a93a08b9de68c3eb2f696d40224f2b2297e78014500d"
    },
    {
      "gpu_activity_tables": [
        "CUPTI_ACTIVITY_KIND_KERNEL"
      ],
      "path": "/home/khkramer/src/nemotron-voicechat-dgx-spark/reports/attnw8-qualification/data/g2/sqlite/g2-profile.26.sqlite",
      "ranges": 1,
      "sha256": "26ca360bca00f596ee5aaba22f4a1bbb97e625864b4a24966c093e84c1a3703f"
    },
    {
      "gpu_activity_tables": [
        "CUPTI_ACTIVITY_KIND_KERNEL"
      ],
      "path": "/home/khkramer/src/nemotron-voicechat-dgx-spark/reports/attnw8-qualification/data/g2/sqlite/g2-profile.27.sqlite",
      "ranges": 1,
      "sha256": "4778e7eda37d519eb89e3405b08d856dc9299bef18982f12edec92bc1053d6f5"
    },
    {
      "gpu_activity_tables": [
        "CUPTI_ACTIVITY_KIND_KERNEL"
      ],
      "path": "/home/khkramer/src/nemotron-voicechat-dgx-spark/reports/attnw8-qualification/data/g2/sqlite/g2-profile.28.sqlite",
      "ranges": 1,
      "sha256": "cb77c19b787e5b7423e5c446b4bf6fe7262933f8e06b5b3c03140c008d92fcd3"
    },
    {
      "gpu_activity_tables": [
        "CUPTI_ACTIVITY_KIND_KERNEL"
      ],
      "path": "/home/khkramer/src/nemotron-voicechat-dgx-spark/reports/attnw8-qualification/data/g2/sqlite/g2-profile.29.sqlite",
      "ranges": 1,
      "sha256": "8d50401fcd3912fb61ff1dfac746f0564ad09aa7362d5ec775ff9a974c06acc2"
    },
    {
      "gpu_activity_tables": [
        "CUPTI_ACTIVITY_KIND_KERNEL"
      ],
      "path": "/home/khkramer/src/nemotron-voicechat-dgx-spark/reports/attnw8-qualification/data/g2/sqlite/g2-profile.3.sqlite",
      "ranges": 1,
      "sha256": "f1f9243edd5d3c536b45775867a6d355c38bcefd4b4e06fcb0bc3887486a5a2e"
    },
    {
      "gpu_activity_tables": [
        "CUPTI_ACTIVITY_KIND_KERNEL"
      ],
      "path": "/home/khkramer/src/nemotron-voicechat-dgx-spark/reports/attnw8-qualification/data/g2/sqlite/g2-profile.30.sqlite",
      "ranges": 1,
      "sha256": "6754b88e34dc64264c6541b8065625f3b69a8f5c7f5442e74405d87c1f5f53a7"
    },
    {
      "gpu_activity_tables": [
        "CUPTI_ACTIVITY_KIND_KERNEL"
      ],
      "path": "/home/khkramer/src/nemotron-voicechat-dgx-spark/reports/attnw8-qualification/data/g2/sqlite/g2-profile.31.sqlite",
      "ranges": 1,
      "sha256": "cd682210e1e08f2068936173d738a9b40e0f0af6cb6791929aa7bee9d6fdb56b"
    },
    {
      "gpu_activity_tables": [
        "CUPTI_ACTIVITY_KIND_KERNEL"
      ],
      "path": "/home/khkramer/src/nemotron-voicechat-dgx-spark/reports/attnw8-qualification/data/g2/sqlite/g2-profile.32.sqlite",
      "ranges": 1,
      "sha256": "784d5ad465e4d2013b6eb9b7b044e785133b404b6103048843ae7be11b73de95"
    },
    {
      "gpu_activity_tables": [
        "CUPTI_ACTIVITY_KIND_KERNEL"
      ],
      "path": "/home/khkramer/src/nemotron-voicechat-dgx-spark/reports/attnw8-qualification/data/g2/sqlite/g2-profile.33.sqlite",
      "ranges": 1,
      "sha256": "8347a6e490a46786f7e1dee8fcec4503188dfb4f2190049453d1e611c93f9f02"
    },
    {
      "gpu_activity_tables": [
        "CUPTI_ACTIVITY_KIND_KERNEL"
      ],
      "path": "/home/khkramer/src/nemotron-voicechat-dgx-spark/reports/attnw8-qualification/data/g2/sqlite/g2-profile.34.sqlite",
      "ranges": 1,
      "sha256": "395e2a09f5c7abf6c9394146ca23d5b8f0b1e2cc9a488e9ae3fdbea2330aaf7c"
    },
    {
      "gpu_activity_tables": [
        "CUPTI_ACTIVITY_KIND_KERNEL"
      ],
      "path": "/home/khkramer/src/nemotron-voicechat-dgx-spark/reports/attnw8-qualification/data/g2/sqlite/g2-profile.35.sqlite",
      "ranges": 1,
      "sha256": "95a4905fa89581dbb38a52deb9f878535b4ded2c3d5fa3cbbcadb75427285b4c"
    },
    {
      "gpu_activity_tables": [
        "CUPTI_ACTIVITY_KIND_KERNEL"
      ],
      "path": "/home/khkramer/src/nemotron-voicechat-dgx-spark/reports/attnw8-qualification/data/g2/sqlite/g2-profile.36.sqlite",
      "ranges": 1,
      "sha256": "37c6c8f26dacbeec0755dc0934c91b34a3a9dd9176dd29278d81f7dd01190295"
    },
    {
      "gpu_activity_tables": [
        "CUPTI_ACTIVITY_KIND_KERNEL"
      ],
      "path": "/home/khkramer/src/nemotron-voicechat-dgx-spark/reports/attnw8-qualification/data/g2/sqlite/g2-profile.37.sqlite",
      "ranges": 1,
      "sha256": "b63ee73320576ab13874eb99058871bc704907ddb07ac1aa3c64bc44cd70cc88"
    },
    {
      "gpu_activity_tables": [
        "CUPTI_ACTIVITY_KIND_KERNEL"
      ],
      "path": "/home/khkramer/src/nemotron-voicechat-dgx-spark/reports/attnw8-qualification/data/g2/sqlite/g2-profile.38.sqlite",
      "ranges": 1,
      "sha256": "e908624217be435e978c09fbb972b53b3f154739e86d66cb7888ab9f0064c9a9"
    },
    {
      "gpu_activity_tables": [
        "CUPTI_ACTIVITY_KIND_KERNEL"
      ],
      "path": "/home/khkramer/src/nemotron-voicechat-dgx-spark/reports/attnw8-qualification/data/g2/sqlite/g2-profile.39.sqlite",
      "ranges": 1,
      "sha256": "c1f103d79744ec10ab0619a8166f9d22268c2ccb9091d0f38f81f3f8b14b8c17"
    },
    {
      "gpu_activity_tables": [
        "CUPTI_ACTIVITY_KIND_KERNEL"
      ],
      "path": "/home/khkramer/src/nemotron-voicechat-dgx-spark/reports/attnw8-qualification/data/g2/sqlite/g2-profile.4.sqlite",
      "ranges": 1,
      "sha256": "44700c7b4d5c64b58cc39b62a7675eb22b67873c37ca8fef1033b7439b680290"
    },
    {
      "gpu_activity_tables": [
        "CUPTI_ACTIVITY_KIND_KERNEL"
      ],
      "path": "/home/khkramer/src/nemotron-voicechat-dgx-spark/reports/attnw8-qualification/data/g2/sqlite/g2-profile.40.sqlite",
      "ranges": 1,
      "sha256": "d8aca0eb5d35b492338ae16fb0688e890ac6c9fa6b2d510a7bc00bc6291800b8"
    },
    {
      "gpu_activity_tables": [
        "CUPTI_ACTIVITY_KIND_KERNEL"
      ],
      "path": "/home/khkramer/src/nemotron-voicechat-dgx-spark/reports/attnw8-qualification/data/g2/sqlite/g2-profile.41.sqlite",
      "ranges": 1,
      "sha256": "b9f260f2667240371d725b4d95fa4c3a975b4b74fc7d5eb0ea843255b856fb5e"
    },
    {
      "gpu_activity_tables": [
        "CUPTI_ACTIVITY_KIND_KERNEL"
      ],
      "path": "/home/khkramer/src/nemotron-voicechat-dgx-spark/reports/attnw8-qualification/data/g2/sqlite/g2-profile.42.sqlite",
      "ranges": 1,
      "sha256": "4eca85773e2271fa7e3bf76695493498ace52079d25987f329cce0bf62dbdca5"
    },
    {
      "gpu_activity_tables": [
        "CUPTI_ACTIVITY_KIND_KERNEL"
      ],
      "path": "/home/khkramer/src/nemotron-voicechat-dgx-spark/reports/attnw8-qualification/data/g2/sqlite/g2-profile.43.sqlite",
      "ranges": 1,
      "sha256": "1fe1bf435e2b4970e0a51c313fbba84e49f60d10df0700b7f5f8df6abc2ebdbf"
    },
    {
      "gpu_activity_tables": [
        "CUPTI_ACTIVITY_KIND_KERNEL"
      ],
      "path": "/home/khkramer/src/nemotron-voicechat-dgx-spark/reports/attnw8-qualification/data/g2/sqlite/g2-profile.44.sqlite",
      "ranges": 1,
      "sha256": "91f264ced51406cc561d0edcb4243adc007aea249467b47e66a9be473a2fb9d8"
    },
    {
      "gpu_activity_tables": [
        "CUPTI_ACTIVITY_KIND_KERNEL"
      ],
      "path": "/home/khkramer/src/nemotron-voicechat-dgx-spark/reports/attnw8-qualification/data/g2/sqlite/g2-profile.45.sqlite",
      "ranges": 1,
      "sha256": "9557fd563b2517c6e59e5763fa0aeaf59a490d3e9ec55cfbbf4d4dcd7a57c666"
    },
    {
      "gpu_activity_tables": [
        "CUPTI_ACTIVITY_KIND_KERNEL"
      ],
      "path": "/home/khkramer/src/nemotron-voicechat-dgx-spark/reports/attnw8-qualification/data/g2/sqlite/g2-profile.46.sqlite",
      "ranges": 1,
      "sha256": "5464ab11198b68bef52c1e35b914dcbd9de69ca7f03f362b46532f70f6251f77"
    },
    {
      "gpu_activity_tables": [
        "CUPTI_ACTIVITY_KIND_KERNEL"
      ],
      "path": "/home/khkramer/src/nemotron-voicechat-dgx-spark/reports/attnw8-qualification/data/g2/sqlite/g2-profile.47.sqlite",
      "ranges": 1,
      "sha256": "f9e75811f88350b1c0e6fcfd49b9bf3b57bb893b858d6a0ecca37aa2a752ec84"
    },
    {
      "gpu_activity_tables": [
        "CUPTI_ACTIVITY_KIND_KERNEL"
      ],
      "path": "/home/khkramer/src/nemotron-voicechat-dgx-spark/reports/attnw8-qualification/data/g2/sqlite/g2-profile.48.sqlite",
      "ranges": 1,
      "sha256": "6bd523bca83946ddbe7b29ade0ce831532e6851582e68d117161aa9673c1a988"
    },
    {
      "gpu_activity_tables": [
        "CUPTI_ACTIVITY_KIND_KERNEL"
      ],
      "path": "/home/khkramer/src/nemotron-voicechat-dgx-spark/reports/attnw8-qualification/data/g2/sqlite/g2-profile.49.sqlite",
      "ranges": 1,
      "sha256": "480fd609cc411a251323a504a73003acecd3906371b9cc2d89de2802fbe899f6"
    },
    {
      "gpu_activity_tables": [
        "CUPTI_ACTIVITY_KIND_KERNEL"
      ],
      "path": "/home/khkramer/src/nemotron-voicechat-dgx-spark/reports/attnw8-qualification/data/g2/sqlite/g2-profile.5.sqlite",
      "ranges": 1,
      "sha256": "33bd64d845c7416784b0c0e346b1a7ab0ceb2b8b4f129b2e61b3147355792e13"
    },
    {
      "gpu_activity_tables": [
        "CUPTI_ACTIVITY_KIND_KERNEL"
      ],
      "path": "/home/khkramer/src/nemotron-voicechat-dgx-spark/reports/attnw8-qualification/data/g2/sqlite/g2-profile.50.sqlite",
      "ranges": 1,
      "sha256": "8073ea6d6d5b7d69c8c611d3c97396b9228031011f78e33dcb4df17cd6cc0af6"
    },
    {
      "gpu_activity_tables": [
        "CUPTI_ACTIVITY_KIND_KERNEL"
      ],
      "path": "/home/khkramer/src/nemotron-voicechat-dgx-spark/reports/attnw8-qualification/data/g2/sqlite/g2-profile.51.sqlite",
      "ranges": 1,
      "sha256": "a4c570f49ddaf91b7cadfadb88120c7079cd9e0043794a1531f84e10434e8c16"
    },
    {
      "gpu_activity_tables": [
        "CUPTI_ACTIVITY_KIND_KERNEL"
      ],
      "path": "/home/khkramer/src/nemotron-voicechat-dgx-spark/reports/attnw8-qualification/data/g2/sqlite/g2-profile.52.sqlite",
      "ranges": 1,
      "sha256": "e71fc6fd372642aaaec3eb34ee360241fd77f58fa9b1363315887b08ebb3f2df"
    },
    {
      "gpu_activity_tables": [
        "CUPTI_ACTIVITY_KIND_KERNEL"
      ],
      "path": "/home/khkramer/src/nemotron-voicechat-dgx-spark/reports/attnw8-qualification/data/g2/sqlite/g2-profile.53.sqlite",
      "ranges": 1,
      "sha256": "e0c1af18e2de09f4d72fdf8aaef4df9ef54d123ce1ae74aa99f08eb68e25f737"
    },
    {
      "gpu_activity_tables": [
        "CUPTI_ACTIVITY_KIND_KERNEL"
      ],
      "path": "/home/khkramer/src/nemotron-voicechat-dgx-spark/reports/attnw8-qualification/data/g2/sqlite/g2-profile.54.sqlite",
      "ranges": 1,
      "sha256": "3d2783f7c62e250bcc2b171720d6b12dd6859c62603b44f65a1dfa551f44dd58"
    },
    {
      "gpu_activity_tables": [
        "CUPTI_ACTIVITY_KIND_KERNEL"
      ],
      "path": "/home/khkramer/src/nemotron-voicechat-dgx-spark/reports/attnw8-qualification/data/g2/sqlite/g2-profile.55.sqlite",
      "ranges": 1,
      "sha256": "26a3d36d7054f4a0849d2ac2caf00ede95a3404add9c7cee5397bcdfd499ff35"
    },
    {
      "gpu_activity_tables": [
        "CUPTI_ACTIVITY_KIND_KERNEL"
      ],
      "path": "/home/khkramer/src/nemotron-voicechat-dgx-spark/reports/attnw8-qualification/data/g2/sqlite/g2-profile.56.sqlite",
      "ranges": 1,
      "sha256": "17ac496c2ae84ac630e9d4c13633c25f6164a670aa49799757910ddbc5e2d7a5"
    },
    {
      "gpu_activity_tables": [
        "CUPTI_ACTIVITY_KIND_KERNEL"
      ],
      "path": "/home/khkramer/src/nemotron-voicechat-dgx-spark/reports/attnw8-qualification/data/g2/sqlite/g2-profile.57.sqlite",
      "ranges": 1,
      "sha256": "8a10db59b0495d4fc8928f6c1dc199758c4c0917b56c81aaf275dccdef89806c"
    },
    {
      "gpu_activity_tables": [
        "CUPTI_ACTIVITY_KIND_KERNEL"
      ],
      "path": "/home/khkramer/src/nemotron-voicechat-dgx-spark/reports/attnw8-qualification/data/g2/sqlite/g2-profile.58.sqlite",
      "ranges": 1,
      "sha256": "11b4a8e47bea8b1030b913f824f7fd3c916ea45f5c67948662381db715f7fb76"
    },
    {
      "gpu_activity_tables": [
        "CUPTI_ACTIVITY_KIND_KERNEL"
      ],
      "path": "/home/khkramer/src/nemotron-voicechat-dgx-spark/reports/attnw8-qualification/data/g2/sqlite/g2-profile.59.sqlite",
      "ranges": 1,
      "sha256": "4d772ff6732c4ea7676dd4be0cf996e2d180c992a6afbf948f5dafcb4b745a75"
    },
    {
      "gpu_activity_tables": [
        "CUPTI_ACTIVITY_KIND_KERNEL"
      ],
      "path": "/home/khkramer/src/nemotron-voicechat-dgx-spark/reports/attnw8-qualification/data/g2/sqlite/g2-profile.6.sqlite",
      "ranges": 1,
      "sha256": "d8a399bb5983ed1efe3feea64880e955b6be8042133a8e28c332acb82d32b6ff"
    },
    {
      "gpu_activity_tables": [
        "CUPTI_ACTIVITY_KIND_KERNEL"
      ],
      "path": "/home/khkramer/src/nemotron-voicechat-dgx-spark/reports/attnw8-qualification/data/g2/sqlite/g2-profile.60.sqlite",
      "ranges": 1,
      "sha256": "17bf4cf38fff8f741db125c09d13fd279d980936adaede983e98e8ae674095c8"
    },
    {
      "gpu_activity_tables": [
        "CUPTI_ACTIVITY_KIND_KERNEL"
      ],
      "path": "/home/khkramer/src/nemotron-voicechat-dgx-spark/reports/attnw8-qualification/data/g2/sqlite/g2-profile.7.sqlite",
      "ranges": 1,
      "sha256": "a154759ed3e31a20a3cc448cc3ecb303d382343673d8b202cea8a84eeb50c3d6"
    },
    {
      "gpu_activity_tables": [
        "CUPTI_ACTIVITY_KIND_KERNEL"
      ],
      "path": "/home/khkramer/src/nemotron-voicechat-dgx-spark/reports/attnw8-qualification/data/g2/sqlite/g2-profile.8.sqlite",
      "ranges": 1,
      "sha256": "b1714481b3b91930adc047af8003322f044523e37df3473cec21e20b9d1cc700"
    },
    {
      "gpu_activity_tables": [
        "CUPTI_ACTIVITY_KIND_KERNEL"
      ],
      "path": "/home/khkramer/src/nemotron-voicechat-dgx-spark/reports/attnw8-qualification/data/g2/sqlite/g2-profile.9.sqlite",
      "ranges": 1,
      "sha256": "7bb075dfd199b23fed8b53111eabff23f354fe0948cb43d1eab7381af76379fd"
    }
  ]
}
